1000;0.34;6.21748;1728.67%;0.596088;5.90554
2000;0.48;11.912;2381.67%;0.804293;11.6001
3000;0.63;17.2044;2630.86%;0.989222;16.8162
4000;0.77;23.3036;2926.44%;1.103752;22.9231
5000;0.97;27.4004;2724.78%;1.139153;27.1298
6000;1.04;33.1461;3087.12%;1.687838;32.8747
7000;1.21;38.4561;3078.19%;1.432907;38.1769
8000;1.31;44.0778;3264.72%;1.570498;43.7729
9000;1.47;49.4605;3264.66%;1.715201;49.1651
10000;1.64;53.213;3144.70%;2.052684;52.8152
11000;1.73;59.2543;3325.10%;1.957525;58.985
12000;1.92;65.1201;3291.67%;2.135883;64.8559
13000;2.78;72.2534;2499.04%;3.012299;71.7058
14000;2.17;75.6876;3387.91%;2.479497;75.3814
15000;2.37;80.937;3315.06%;2.780946;80.511
16000;2.84;86.537;2947.08%;3.45119;86.1747
17000;3.01;91.1436;2928.03%;3.411245;90.8226
18000;3.22;96.4007;2893.81%;3.189399;96.0488
19000;2.88;101.474;3423.40%;3.183119;101.199
20000;3.06;106.198;3370.52%;3.31336;105.917
21000;3.15;110.785;3416.98%;3.922156;110.518
22000;3.35;115.904;3359.82%;4.123757;115.561
23000;3.42;122.258;3474.80%;4.081373;121.864
24000;4.01;130.682;3158.90%;3.982385;130.349
25000;3.62;134.209;3607.43%;3.985384;133.936
26000;4.26;140.301;3193.45%;4.194464;140.013
27000;4.42;144.913;3178.57%;4.520899;144.531
28000;4.39;151.639;3354.19%;4.386344;151.337
29000;4.7;154.454;3186.26%;4.771941;154.049
30000;4.53;161.255;3459.71%;5.098562;160.905
31000;5.36;168.71;3047.57%;5.339361;168.389
32000;5.2;169.368;3157.08%;5.017581;169.093
33000;4.76;173.854;3552.39%;5.529657;173.518
34000;5;178.855;3477.10%;5.706259;178.488
35000;5.68;189.712;3240.00%;5.524638;189.283
36000;5.44;193.391;3454.98%;6.335545;192.966
37000;5.59;199.374;3466.62%;6.165149;199.071
38000;5.98;200.197;3247.78%;5.862823;199.876
39000;6.03;210.11;3384.41%;6.175402;209.772
40000;6.2;214.782;3364.23%;6.329646;214.402
41000;6.55;218.225;3231.68%;6.482847;217.939
42000;6.68;221.139;3210.46%;6.57848;220.789
43000;6.6;226.875;3337.50%;6.778189;226.53
44000;6.4;230.88;3507.50%;7.360989;230.592
45000;7.3;238.988;3173.81%;7.560264;238.172
46000;6.75;241.6;3479.26%;7.091928;241.316
47000;7.25;246.756;3303.53%;7.223422;246.45
48000;7.05;259.564;3581.76%;7.627541;259.279
49000;7.64;272.955;3472.71%;7.588381;272.621
50000;7.67;268.569;3401.55%;7.478487;268.278
51000;7.88;274.947;3389.18%;7.743204;274.612
52000;8.05;278.493;3359.54%;7.958382;278.112
53000;7.68;284.86;3609.11%;8.537744;284.57
54000;7.91;289.641;3561.71%;8.517075;289.363
55000;7.97;292.622;3571.54%;8.697136;292.295
56000;8.6;308.497;3487.17%;8.624153;308.195
57000;8.36;314.752;3664.98%;9.907515;314.466
58000;8.85;349.662;3850.98%;8.875169;349.321
59000;9.07;318.35;3409.92%;9.018644;318.019
60000;9.6;319.302;3226.06%;9.296664;318.84
61000;9.42;337.92;3487.26%;9.367218;337.577
62000;9.59;329.953;3340.59%;10.207497;329.584
63000;9.43;335.162;3454.21%;12.43842;334.85
64000;9.78;338.012;3356.16%;9.705832;337.653
65000;9.9;348.082;3415.98%;10.254325;347.681
66000;9.56;352.495;3587.19%;9.918846;352.121
67000;10.3;355.026;3346.85%;10.178133;354.734
68000;10.38;358.219;3351.05%;11.485142;357.845
69000;10.03;369.289;3581.84%;10.668047;368.994
70000;11.07;376.612;3302.10%;10.891656;376.298
71000;10.82;374.952;3365.36%;10.900393;374.595
72000;10.72;376.119;3408.57%;11.483253;375.8
73000;11.01;383.862;3386.49%;11.143896;383.56
74000;11.11;398.706;3488.71%;11.583383;398.349
75000;11.36;395.528;3381.76%;11.566813;395.196
76000;11.36;406.945;3482.26%;11.435579;406.628
77000;11.37;404.897;3461.10%;11.819004;404.48
78000;11.91;413.528;3372.11%;12.336299;413.211
79000;11.98;454.707;3695.55%;46.9829;423.265
80000;12.01;420.481;3401.09%;12.491329;419.792
81000;13.08;428.147;3173.30%;12.094372;427.822
82000;11.94;428.085;3485.30%;13.23075;426.824
83000;12.07;432.719;3485.08%;12.905629;432.413
84000;12.01;443.202;3590.27%;12.722637;442.84
85000;12.77;447.441;3403.84%;12.747363;447.132
86000;12.9;449.312;3383.04%;12.902709;448.996
87000;13.11;449.177;3326.22%;13.468466;448.86
88000;13.48;464.547;3346.19%;13.594672;464.141
89000;13.48;472;3401.48%;13.527866;471.707
90000;13.74;472.857;3341.46%;13.813198;472.552
91000;13.23;472.347;3470.27%;15.795806;471.913
92000;13.9;481.526;3364.22%;14.188567;481.13
93000;14;494.429;3431.64%;14.337668;494.094
94000;13.93;492.192;3433.32%;14.565261;491.883
95000;13.81;492.242;3464.39%;14.187097;491.889
96000;14.45;524.559;3530.17%;14.758792;524.171
97000;14.44;527.403;3552.38%;15.046726;527.016
98000;14.65;535.982;3558.58%;14.983878;535.635
99000;15.24;541.822;3455.26%;15.568263;541.401
100000;15.2;538.244;3441.08%;15.62149;537.78
101000;15.1;540.887;3482.03%;15.727766;540.573
102000;14.77;552.982;3643.95%;16.304252;552.54
103000;15.6;549.401;3421.80%;15.788168;549.074
104000;15.44;556.148;3501.99%;16.025267;555.718
105000;15.72;562.692;3479.47%;16.081356;562.341
106000;15.82;564.986;3471.34%;16.448272;564.451
107000;16.14;581.652;3503.79%;16.637047;581.151
108000;16.26;577.176;3449.67%;16.709989;576.765
109000;16.5;578.012;3403.10%;16.871461;577.671
110000;16.79;599.928;3473.13%;17.545261;599.449
111000;16.56;597.545;3508.36%;16.971479;597.122
112000;16.38;592.231;3515.57%;17.046015;591.908
113000;16.97;602.624;3451.11%;17.414673;602.13
114000;17.14;622.85;3533.90%;17.756945;622.497
115000;17.16;610.104;3455.38%;17.621309;609.76
116000;17.57;625.457;3459.80%;17.8115;625.07
117000;17.22;629.459;3555.39%;18.159761;629.051
118000;17.71;641.458;3522.01%;18.309122;641.093
119000;17.59;635.318;3511.81%;18.491947;634.908
120000;17.79;636.589;3478.35%;18.458077;636.257
121000;17.94;655.201;3552.18%;18.205383;654.832
122000;19.31;660.527;3320.65%;18.920891;660.04
123000;18.37;660.016;3492.90%;20.344586;659.607
124000;18.59;669.433;3501.04%;18.850455;669.099
125000;18.92;665.666;3418.32%;20.219364;665.291
126000;18.77;669.749;3468.19%;19.424611;669.342
127000;19.25;672.778;3394.95%;19.867677;672.096
128000;18.76;678.122;3514.72%;20.406057;677.702
129000;19;686.178;3511.46%;19.711749;685.73
130000;19.44;706.537;3534.45%;20.061314;706.061
131000;19.54;693.872;3451.03%;21.285827;693.469
132000;19.71;700.954;3456.34%;20.265641;700.576
133000;19.58;704.242;3496.74%;20.45607;703.906
134000;19.72;723.246;3567.58%;20.552632;722.9
135000;20.08;713.166;3451.62%;20.777534;712.356
136000;20.38;723.721;3451.13%;20.641951;723.39
137000;20.42;726.644;3458.49%;20.797248;726.262
138000;21.08;725.907;3343.58%;20.952905;725.545
139000;20.72;736.114;3452.67%;21.125368;735.75
140000;20.9;742.148;3450.95%;21.809151;741.67
141000;20.65;745.363;3509.51%;21.363398;744.89
142000;20.83;757.184;3535.06%;22.146298;756.763
143000;21.17;767.984;3527.70%;22.52502;767.662
144000;21.26;774.414;3542.59%;21.962924;774.009
145000;21.81;764.929;3407.24%;21.927692;764.577
146000;21.75;781.61;3493.61%;21.928559;781.284
147000;21.7;769.07;3444.10%;22.55115;768.675
148000;22.23;801.014;3503.30%;22.679012;800.693
149000;21.75;792.745;3544.80%;22.516204;792.372
150000;22.29;791.85;3452.49%;23.243149;791.391
151000;22.65;806.375;3460.15%;23.20527;806.043
152000;22.65;803.51;3447.51%;23.427856;803.149
153000;23.1;811.785;3414.22%;23.597516;811.462
154000;24.52;891.026;3533.87%;25.727417;836.382
155000;22.87;878.898;3743.02%;23.166415;878.575
156000;23.11;822.686;3459.87%;23.635406;822.354
157000;23.3;826.096;3445.48%;24.237408;825.773
158000;23.56;828.97;3418.55%;24.107554;828.446
159000;24.47;861.587;3420.99%;24.260306;861.155
160000;24.2;847.223;3400.92%;24.885233;846.897
161000;24.29;852.531;3409.80%;24.394247;852.183
162000;26.31;854.674;3148.48%;24.541476;854.352
163000;23.68;862.013;3540.26%;24.906524;861.647
164000;24.22;881.938;3541.36%;25.230582;881.58
165000;24.59;875.619;3460.87%;25.681275;875.264
166000;24.74;892.406;3507.14%;25.009396;892.062
167000;24.77;885.771;3475.98%;25.612673;885.417
168000;24.62;894.808;3534.48%;25.507181;894.366
169000;25.59;890.313;3379.14%;26.127436;889.895
170000;24.95;907.749;3538.27%;25.887809;907.425
171000;25.76;901.739;3400.54%;25.992469;901.249
172000;26.4;908.235;3340.28%;26.049443;907.867
173000;25.67;917.283;3473.37%;27.104746;916.831
174000;26.09;912.595;3397.87%;26.700567;912.224
175000;25.89;932.331;3501.12%;26.815517;931.971
176000;26.23;938.451;3477.78%;27.320718;938.032
177000;26.05;932.712;3480.47%;27.280668;931.935
178000;26.67;949.854;3461.51%;27.072412;949.526
179000;26.32;942.175;3479.69%;27.136801;941.758
180000;26.58;942.086;3444.34%;26.846076;941.732
181000;26.66;969.634;3537.04%;27.77655;969.292
182000;26.58;963.515;3524.96%;28.000564;962.684
183000;27.19;980.35;3505.55%;27.626415;979.928
184000;26.85;983.975;3564.71%;27.943183;983.663
185000;29.68;990.465;3237.15%;28.501222;990.093
186000;27.52;987.569;3488.55%;28.169916;987.147
187000;27.69;978.554;3433.96%;28.570857;978.193
188000;27.94;999.817;3478.44%;28.313605;999.293
189000;27.86;991.412;3458.55%;28.24679;990.999
190000;28.03;1022.85;3549.13%;28.824959;1022.49
191000;28.51;1024.86;3494.74%;28.752883;1024.4
192000;27.63;1029.17;3624.83%;29.111183;1028.76
193000;28.74;1053.01;3563.92%;29.464142;1052.53
194000;28.23;1052.76;3629.22%;29.148931;1052.27
195000;28.68;1054.19;3575.70%;29.607612;1053.74
196000;29.01;1054.47;3534.85%;29.7542;1054.09
197000;28.97;1082.94;3638.14%;29.717452;1082.54
198000;28.84;1083.44;3656.73%;30.30498;1082.95
199000;29.29;1079.56;3585.76%;29.622864;1079.13
200000;29.02;1073.39;3598.79%;30.067551;1072.94
201000;30.07;1090.49;3526.50%;30.473841;1089.99
202000;29.62;1097.51;3605.30%;30.784211;1096.55
203000;29.81;1091.91;3562.90%;30.444888;1091.4
204000;30.2;1113.62;3587.48%;31.119584;1113.16
205000;30.55;1123.14;3576.40%;31.324779;1122.74
206000;30.59;1128.5;3589.11%;30.964085;1128.11
207000;30.63;1114.56;3538.79%;31.386829;1114.2
208000;31.01;1134.23;3557.63%;31.685538;1133.84
209000;30.98;1116.7;3504.58%;31.692305;1116.26
210000;30.42;1129.57;3613.25%;32.100853;1129.11
211000;31.09;1135.52;3552.36%;32.350339;1135.01
212000;31.08;1140.28;3568.85%;32.569423;1139.92
213000;30.92;1186.66;3737.84%;32.496658;1186.13
214000;31.58;1145.8;3528.25%;32.355805;1145.45
215000;31.89;1173.59;3580.12%;32.553343;1173.17
216000;31.91;1178.89;3594.42%;32.680635;1178.47
217000;33.48;1196.52;3473.84%;32.938894;1196.08
218000;32.22;1171.57;3536.16%;33.00451;1171.14
219000;32.41;1163.55;3490.10%;32.979723;1163.16
220000;32.33;1210.52;3644.26%;33.174546;1177.28
221000;32.83;1190.33;3525.74%;33.737387;1189.97
222000;32.49;1190.84;3565.25%;33.51584;1190.41
223000;32.88;1190.29;3520.10%;34.205022;1189.49
224000;33.44;1215.52;3534.93%;33.844387;1215.03
225000;33.5;1225.22;3557.37%;34.154806;1224.76
226000;33.66;1226.32;3543.26%;34.499463;1225.89
227000;33.66;1232.46;3561.50%;34.596752;1231.99
228000;33.42;1228.36;3575.52%;34.373381;1227.95
229000;33.78;1245.62;3587.45%;34.280903;1245.16
230000;34.05;1230.91;3515.01%;34.704898;1230.5
231000;34.05;1236.73;3532.10%;35.190234;1236.24
232000;34.27;1255.32;3563.03%;35.126792;1254.84
233000;34.22;1264.96;3596.55%;34.858478;1264.59
234000;34.4;1250.22;3534.36%;35.171122;1249.78
235000;34.42;1245.71;3519.15%;35.167254;1245.27
236000;34.65;1280.54;3595.64%;35.678188;1280.05
237000;35.55;1294.83;3542.28%;36.439688;1294.46
238000;35.68;1265.03;3445.49%;35.912395;1264.51
239000;34.92;1272.46;3543.93%;36.12105;1271.93
240000;35.64;1294.63;3532.52%;36.646832;1294.21
241000;35.21;1276.32;3524.88%;36.779613;1275.91
242000;36.1;1324.87;3570.00%;36.71886;1324.44
243000;36.01;1322.52;3572.65%;36.361669;1322.16
244000;36.38;1302.59;3480.51%;37.176367;1302.23
245000;36.29;1333.76;3575.28%;36.709489;1333.39
246000;35.9;1372.83;3724.04%;36.942034;1372.47
247000;36.37;1336.11;3573.66%;37.371039;1335.74
248000;36.46;1318.87;3517.31%;37.479523;1318.51
249000;36.95;1353.6;3563.33%;37.868985;1353.22
250000;36.82;1334.8;3525.20%;37.678965;1334.28
251000;37.26;1339.35;3494.61%;37.915569;1338.85
252000;37.27;1336.5;3485.99%;38.063136;1336.09
253000;37.02;1401.79;3686.57%;37.969874;1401.4
254000;37.61;1361.6;3520.31%;38.403142;1361.23
255000;37.27;1370.93;3578.37%;38.492998;1370.53
256000;38.59;1363.32;3432.83%;39.171106;1345.47
257000;37.91;1398.37;3588.66%;38.387965;1397.86
258000;37.73;1393.07;3592.21%;39.014291;1392.63
259000;37.98;1402.87;3593.71%;39.459957;1402.42
260000;38.5;1404.95;3549.22%;39.51505;1404.45
261000;38.73;1394.46;3500.46%;39.606748;1394.05
262000;38.65;1386.95;3488.49%;39.490097;1386.57
263000;38.45;1393.11;3523.17%;40.037968;1392.7
264000;39.03;1400.53;3488.34%;39.657401;1400.16
265000;39.26;1394.31;3451.48%;40.194619;1393.96
266000;40.45;1404.31;3371.72%;40.379211;1403.78
267000;39.31;1414.38;3498.02%;39.987801;1413.95
268000;39.39;1411.77;3484.08%;39.972378;1411.37
269000;39.82;1460.38;3567.45%;40.332775;1460.01
270000;39.47;1485.57;3663.80%;41.184578;1485.16
271000;39.56;1462.93;3598.00%;41.079708;1462.41
272000;39.46;1468.42;3621.29%;40.805609;1468.06
273000;40.18;1473.16;3566.40%;41.749668;1472.76
274000;39.64;1461.87;3587.87%;41.51603;1461.44
275000;40.6;1493.79;3579.29%;42.369358;1493.29
276000;40.25;1460.16;3527.73%;41.805698;1459.79
277000;41.04;1483.82;3515.55%;41.693037;1483.43
278000;41.06;1464.93;3467.78%;41.639931;1464.57
279000;42.39;1481.52;3394.98%;52.26307;1481.11
280000;40.63;1492.06;3572.31%;42.161401;1491.7
281000;42.21;1570.99;3621.84%;42.617812;1570.53
282000;42.25;1523.89;3506.84%;42.242801;1523.5
283000;42.4;1492.64;3420.38%;43.076168;1492.27
284000;42.13;1517.16;3501.14%;42.808841;1516.67
285000;41.76;1536.25;3578.76%;42.403579;1535.87
286000;41.74;1532.01;3570.36%;43.598335;1531.62
287000;41.83;1536.7;3573.68%;42.830271;1536.3
288000;42.96;1513.21;3422.37%;43.262878;1512.73
289000;42.3;1565.52;3600.99%;43.51329;1565.15
290000;43.08;1529.69;3450.81%;43.898964;1529.18
291000;43.76;1544.64;3429.80%;43.366858;1544.22
292000;42.76;1587.29;3612.09%;43.997292;1586.83
293000;42.99;1537.96;3477.48%;43.426176;1537.57
294000;45.23;1546.97;3320.23%;43.921418;1546.53
295000;43.49;1588.7;3553.02%;44.480233;1588.21
296000;43.51;1562.57;3491.29%;44.567908;1562.17
297000;43.61;1565.76;3490.37%;43.887446;1565.32
298000;44.46;1567.73;3426.16%;45.149525;1567.35
299000;44.26;1568.59;3444.04%;44.551205;1568.14
300000;45.04;1585.65;3420.54%;45.221728;1585.21
301000;44.8;1603.19;3478.55%;45.753278;1602.82
302000;44.52;1597.63;3488.57%;45.665092;1597.21
303000;44.59;1608.52;3507.36%;45.845123;1608.11
304000;44.68;1609.29;3501.81%;45.935969;1608.84
305000;44.85;1614.61;3500.02%;46.237299;1614.23
306000;44.71;1655.04;3601.72%;45.43043;1654.53
307000;46.17;1621.89;3412.87%;46.161152;1621.46
308000;44.72;1628.73;3542.06%;45.83857;1628.3
309000;45.8;1633.5;3466.59%;47.040099;1633.1
310000;45.36;1662.23;3564.53%;46.141155;1661.66
311000;45.87;1676.34;3554.55%;46.530792;1675.95
312000;45.79;1648.38;3499.87%;47.223673;1647.97
313000;45.94;1656.03;3504.77%;47.596508;1655.61
314000;47.42;1643.39;3365.61%;47.240494;1642.95
315000;46.97;1671.24;3458.10%;47.535363;1670.82
316000;47.24;1656;3405.50%;47.403816;1655.63
317000;46.15;1675.91;3531.44%;47.527522;1675.5
318000;47.95;1674.29;3391.74%;48.809055;1673.9
319000;46.81;1684.07;3497.67%;47.964635;1683.71
320000;46.72;1728.6;3599.91%;47.676081;1728.19
321000;47.04;1676.58;3464.16%;48.508851;1676.16
322000;48.3;1685.47;3389.59%;48.354481;1685.06
323000;47.24;1701.58;3501.99%;47.844111;1701
324000;47.85;1721.92;3498.58%;49.412143;1721.58
325000;47.9;1705.07;3459.65%;48.947973;1704.66
326000;47.56;1710.73;3496.99%;49.317405;1710.33
327000;48.51;1731.65;3469.68%;48.725883;1731.21
328000;48.9;1713.93;3404.97%;48.982168;1713.56
329000;49.23;1725.34;3404.65%;49.913453;1724.97
330000;48.44;1724.55;3460.18%;49.795284;1724.18
331000;48.69;1769.67;3534.57%;50.12382;1769.2
332000;48.77;1777.26;3544.17%;49.883334;1776.87
333000;49.59;1754.39;3437.79%;50.334086;1754.03
334000;50.77;1789.77;3425.25%;50.105895;1789.35
335000;48.8;1749.07;3484.16%;50.55216;1748.68
336000;48.72;1786.37;3566.61%;50.547635;1785.96
337000;49.65;1761.49;3447.81%;50.618388;1760.93
338000;49.95;1814.95;3533.53%;50.931518;1814.59
339000;49.86;1813.87;3537.93%;51.269349;1813.48
340000;50.2;1783.08;3451.95%;50.961319;1782.66
341000;50.11;1809.61;3511.28%;51.236479;1809.22
342000;50.92;1827.02;3488.02%;51.223951;1826.63
343000;50.82;1784.88;3412.16%;51.639264;1784.43
344000;50.53;1822.05;3505.88%;51.031081;1821.64
345000;50.61;1817.17;3490.54%;51.100983;1816.73
346000;52.21;1827.45;3400.19%;51.872654;1827.08
347000;51.8;1860.05;3490.83%;51.865195;1859.53
348000;50.88;1860.93;3557.49%;52.687875;1860.53
349000;52.02;1834.74;3426.99%;52.188563;1834.32
350000;51.34;1830.43;3465.31%;52.255717;1830.05
351000;51.36;1835.19;3473.19%;52.544869;1834.73
352000;51.99;1846.35;3451.36%;52.508217;1845.89
353000;51.45;1869.02;3532.69%;52.537382;1868.55
354000;53.26;1852.72;3378.63%;53.23772;1852.32
355000;52.96;1864.25;3420.11%;53.466383;1863.83
356000;52.49;1890.69;3502.00%;52.680896;1890.27
357000;53.83;1894.32;3419.08%;53.67269;1893.89
358000;52.37;1866.62;3464.29%;53.781387;1866.11
359000;53.84;1881.07;3393.82%;53.97383;1880.72
360000;52.7;1882.11;3471.37%;54.239979;1881.72
361000;53.65;1903.46;3447.92%;53.585204;1903.07
362000;55.02;1905.93;3364.07%;53.991627;1905.39
363000;53.62;1879.02;3404.33%;54.354178;1878.61
364000;53.74;1952.12;3532.53%;53.903669;1951.63
365000;53.83;1935.89;3496.30%;54.605614;1935.52
366000;54.27;1904.19;3408.73%;54.939916;1903.73
367000;55.61;1980.02;3460.55%;55.089741;1979.56
368000;53.82;1965.11;3551.26%;55.085442;1964.74
369000;54.82;1964.34;3483.25%;55.015834;1963.88
370000;54.09;1973.96;3549.40%;55.836797;1973.5
371000;54.56;1965.77;3502.95%;56.299179;1965.36
372000;54.37;1994.49;3568.36%;57.957427;1994.11
373000;54.36;1947.96;3483.44%;56.341477;1947.36
374000;54.91;1943.69;3439.77%;55.642673;1943.33
375000;54.79;1938.69;3438.40%;56.41231;1938.33
376000;55.95;1974.2;3428.51%;56.851409;1973.8
377000;54.94;1977.19;3498.82%;56.364739;1976.78
378000;57.26;1975.91;3350.77%;56.45262;1975.54
379000;56.09;1982.09;3433.77%;56.471111;1981.69
380000;55.88;2042.95;3555.96%;57.869053;2042.39
381000;56.52;2098.99;3613.71%;56.571704;2098.54
382000;55.85;2045.97;3563.33%;57.736924;2045.37
383000;56.75;2078.28;3562.17%;57.564856;2077.79
384000;56.2;2072.38;3587.51%;57.682186;2071.91
385000;56.08;2047;3550.14%;58.097517;2046.54
386000;56.16;2066.11;3578.97%;57.698588;2065.55
387000;56.96;2071.04;3535.96%;58.412169;2070.28
388000;56.89;2076.63;3550.25%;58.234108;2076.07
389000;57.66;2073.52;3496.12%;59.559487;2072.92
390000;57.96;2090.72;3507.18%;59.091825;2089.87
391000;58.64;2075.07;3438.66%;58.202661;2074.63
392000;57.37;2090.57;3544.01%;58.841496;2090.12
393000;58.65;2091.47;3466.02%;59.743581;2090.93
394000;58.26;2115.76;3531.58%;58.93153;2115.25
395000;58.88;2161.33;3570.74%;59.503031;2160.73
396000;58.38;2110.84;3515.69%;59.813723;2110.29
397000;58.18;2139.35;3577.12%;58.63441;2138.9
398000;58.7;2160.94;3581.33%;59.572783;2160.43
399000;58.33;2169.25;3618.93%;60.023808;2168.77
400000;58.08;2130.01;3567.37%;59.415307;2129.48
401000;58.62;2152.8;3572.47%;59.228686;2152.26
402000;59.32;2169.88;3557.92%;60.100147;2169.42
403000;59.35;2182.91;3578.03%;60.923789;2182.37
404000;59.62;2227.88;3636.80%;60.443156;2227.01
405000;59.29;2180.98;3578.50%;67.073883;2180.47
406000;60.99;2173.14;3463.11%;61.221797;2172.47
407000;59.7;2173.24;3540.27%;60.473997;2172.74
408000;59.93;2223.65;3610.41%;60.795529;2223.19
409000;61.65;2204.27;3475.46%;61.296747;2203.73
410000;59.99;2217.27;3596.07%;61.271136;2216.73
411000;59.78;2174.61;3537.69%;61.435467;2174.16
412000;60.05;2245.43;3639.27%;61.380197;2244.89
413000;60.55;2199.6;3532.70%;62.638884;2199.03
414000;61.17;2227.59;3541.64%;62.242;2227.14
415000;61.5;2270.38;3591.67%;62.233943;2269.88
416000;61.9;2224.11;3493.07%;62.317908;2223.65
417000;60.59;2220.15;3564.22%;62.200706;2219.59
418000;61.17;2233.91;3551.97%;62.328873;2233.45
419000;61.85;2216.49;3483.65%;63.030991;2215.91
420000;62.19;2228.22;3482.92%;63.172483;2227.77
421000;62.49;2236.53;3479.02%;63.226255;2235.98
422000;62.18;2247.8;3514.99%;62.917632;2247.33
423000;62.6;2293.75;3564.14%;63.184089;2293.24
424000;62.57;2320.46;3608.58%;63.16556;2319.95
425000;61.94;2310.51;3630.24%;63.219654;2309.96
426000;62.86;2294.69;3550.48%;63.551573;2294.25
427000;63.38;2263.1;3470.68%;63.237762;2262.55
428000;62.21;2292.53;3585.15%;62.804564;2292.03
429000;63.87;2344.19;3570.25%;64.326246;2343.68
430000;63.15;2299.06;3540.63%;64.777251;2298.61
431000;62.23;2299.62;3595.36%;63.717964;2299.09
432000;63.75;2279.93;3476.36%;64.373314;2279.46
433000;64.06;2288.76;3472.84%;64.832238;2288.3
434000;63.46;2333.64;3577.34%;64.992868;2333.16
435000;63.93;2326.85;3539.68%;64.861669;2326.26
436000;63.97;2318.21;3523.90%;64.966646;2317.76
437000;64.48;2330.39;3514.13%;64.652234;2329.88
438000;65.3;2358.79;3512.24%;66.261427;2358.25
439000;64.17;2379.84;3608.65%;65.473521;2379.33
440000;64.72;2365.11;3554.37%;65.560443;2364.65
441000;64.73;2404.57;3614.77%;65.498076;2404.06
442000;64.76;2395.24;3598.64%;65.65763;2394.33
443000;64.72;2350.48;3531.77%;65.628461;2349.6
444000;65.09;2396.32;3581.55%;66.544473;2395.83
445000;65.17;2401.06;3584.30%;66.682611;2400.44
446000;64.97;2389.06;3577.17%;66.777049;2388.52
447000;65.53;2418.57;3590.78%;66.90234;2418.09
448000;65.75;2398.58;3548.03%;66.895512;2398.12
449000;65.63;2434.35;3609.20%;67.09578;2433.86
450000;65.81;2436.42;3602.20%;67.484065;2435.86
451000;65.74;2401.66;3553.27%;67.579263;2401.12
452000;67.34;2418.84;3491.98%;67.277601;2418.32
453000;66.6;2402.3;3507.06%;67.28907;2401.67
454000;66.06;2397.45;3529.20%;67.493586;2396.86
455000;67.05;2425.71;3517.76%;68.046496;2425.12
456000;66.75;2401.29;3497.44%;67.978719;2400.84
457000;67.06;2567.47;3728.62%;69.070656;2566.62
458000;66.83;2461.97;3583.93%;68.731541;2461.46
459000;67.02;2431.04;3527.34%;69.129489;2430.58
460000;67.48;2449.75;3530.33%;68.085855;2449.23
461000;68.5;2497.61;3546.15%;69.427965;2497.11
462000;67.7;2451.37;3520.93%;68.525397;2450.78
463000;68.05;2452.75;3504.34%;68.667799;2452.16
464000;67.98;2515.12;3599.79%;68.672162;2514.56
465000;67.49;2498.2;3601.59%;69.138534;2497.74
466000;68.08;2482.33;3546.20%;70.253032;2481.86
467000;68.33;2499.4;3557.84%;69.741368;2498.81
468000;68.54;2505.89;3556.10%;69.44864;2505.34
469000;68.77;2482.11;3509.29%;69.890899;2481.64
470000;68.59;2521.54;3576.25%;69.556285;2520.97
471000;68.92;2488.34;3510.48%;69.912305;2487.87
472000;71;2500.45;3421.76%;69.975217;2499.89
473000;68.91;2518.19;3554.32%;69.950099;2517.66
474000;69.13;2607.87;3672.41%;70.230401;2607.3
475000;69.46;2592.38;3632.19%;70.79459;2591.78
476000;69.96;2523.61;3507.22%;70.43443;2523.16
477000;69.7;2524.65;3522.17%;71.245409;2524.15
478000;70.83;2514.05;3449.41%;72.571952;2513.49
479000;69.56;2547.66;3562.54%;71.459692;2547.11
480000;69.8;2586.53;3605.63%;71.342496;2585.94
481000;70.89;2542.42;3486.43%;71.078035;2541.93
482000;71.87;2579.79;3489.52%;72.219265;2579.3
483000;70.61;2597.78;3579.05%;71.339138;2597.26
484000;70.95;2559.23;3507.09%;72.951678;2558.73
485000;70.81;2566.4;3524.35%;72.046432;2565.91
486000;71.42;2551.14;3472.02%;72.053826;2550.67
487000;71.55;2616.9;3557.44%;72.217894;2616.37
488000;71.8;2579.58;3492.73%;73.476325;2579
489000;71.97;2576.23;3479.59%;73.260113;2575.73
490000;71.9;2580.79;3489.42%;73.390804;2580.3
491000;72.44;2607.01;3498.85%;73.417182;2606.55
492000;72.44;2595.16;3482.50%;73.595113;2594.63
493000;71.73;2597.93;3521.82%;72.97782;2597.34
494000;73.61;2680.38;3541.33%;75.093468;2679.88
495000;72.48;2613.59;3505.95%;73.611603;2613.04
496000;72.23;2674.43;3602.66%;73.683;2673.93
497000;73.81;2643.42;3481.38%;74.398545;2642.8
498000;72.63;2613.18;3497.93%;74.082028;2612.29
499000;73.2;2655.84;3528.20%;73.590925;2655.4
500000;74.02;2701.93;3550.27%;75.398337;2701.46
501000;73.78;2727.7;3597.07%;74.307042;2727.17
502000;73.11;2658.15;3535.82%;74.3026;2657.56
503000;73.19;2654.66;3527.08%;74.140534;2653.79
504000;73.4;2681.96;3553.90%;74.93179;2681.37
505000;74.49;2645.27;3451.17%;74.799094;2644.64
506000;73.83;2645.06;3482.64%;74.689901;2644.23
507000;74.37;2737.51;3580.93%;75.869429;2737.07
508000;74.11;2755.56;3618.20%;76.05561;2755.02
509000;74.04;2689;3531.82%;75.202427;2688.52
510000;75.56;2681.68;3449.07%;75.710521;2681.23
511000;74.68;2716.03;3536.89%;75.873266;2715.54
512000;82.08;2733.84;3230.70%;76.161134;2733.24
513000;75.38;2730.33;3522.09%;76.124513;2729.81
514000;75.51;2723.22;3506.44%;78.202716;2722.7
515000;76.03;2715;3470.96%;76.863214;2714.4
516000;75.91;2733.19;3500.57%;76.45384;2732.71
517000;75.57;2725.52;3506.62%;76.731897;2724.87
518000;77.01;2726.75;3440.77%;76.878096;2725.83
519000;77.04;2766.19;3490.59%;77.049567;2765.7
520000;75.88;2745.39;3518.07%;77.180964;2744.93
521000;77.79;2750.54;3435.85%;78.095453;2749.94
522000;76.64;2736.71;3470.86%;77.726361;2736.15
523000;77.86;2779.22;3469.51%;78.67895;2778.43
524000;78.33;2776.22;3444.26%;78.378441;2775.67
525000;76.76;2810.29;3561.14%;77.489676;2809.71
526000;78.19;2797.16;3477.39%;79.390512;2796.28
527000;77.47;2813.61;3531.87%;78.419536;2813.12
528000;77.41;2762.79;3469.04%;79.032287;2762.22
529000;77.03;2796.71;3530.68%;78.302981;2795.97
530000;76.93;2787.52;3523.45%;78.654339;2787.07
531000;77.76;2790.02;3487.99%;78.721275;2789.42
532000;77.82;2843.32;3553.71%;78.720626;2842.81
533000;78.14;2804.85;3489.52%;78.667249;2804.35
534000;78.27;2825.61;3510.08%;79.089472;2825.09
535000;78.47;2800.5;3468.88%;79.404776;2799.94
536000;78.32;2879.28;3576.30%;78.719835;2878.84
537000;78.41;2856;3542.39%;79.542445;2855.45
538000;78.9;2865.36;3531.63%;79.971404;2864.9
539000;79.1;2882.78;3544.48%;79.61172;2882.31
540000;79.53;2870.44;3509.25%;79.856438;2870
541000;79.23;2920.86;3586.56%;80.336202;2920.4
542000;79.32;2850.48;3493.65%;81.192234;2849.99
543000;78.89;2842.33;3502.90%;81.188143;2841.86
544000;79.84;2855.32;3476.30%;80.75512;2854.86
545000;78.92;2867.07;3532.88%;80.564303;2866.58
546000;80.68;2876.87;3465.78%;81.054868;2876.3
547000;80.74;2850.78;3430.81%;80.567981;2850.24
548000;80.34;2876.48;3480.38%;80.8696;2875.93
549000;80.13;2908.94;3530.28%;80.673591;2908.39
550000;80.38;2945.75;3564.78%;80.564265;2945.18
551000;80.52;2917.67;3523.53%;81.297628;2917.1
552000;81.12;2937.47;3521.14%;81.487395;2937.01
553000;81.3;2900.07;3467.12%;81.780276;2899.61
554000;81.8;2905.25;3451.65%;81.967768;2904.71
555000;81.43;2950.15;3522.93%;82.198079;2949.7
556000;81.56;2921.43;3481.94%;82.249548;2920.96
557000;81.48;3075.07;3674.02%;82.271327;3074.48
558000;81.23;2957.96;3541.46%;82.798991;2957.4
559000;83.97;2993.76;3465.27%;83.949187;2993.3
560000;81.94;2953.72;3504.74%;82.942433;2953.17
561000;81.69;3018.29;3594.81%;82.641712;3017.77
562000;82.55;2960.3;3486.07%;83.005716;2959.83
563000;82.77;2945.96;3459.21%;83.676477;2945.33
564000;84.05;2990.13;3457.56%;83.628064;2989.67
565000;82.3;3001.07;3546.50%;83.426854;3000.27
566000;82.65;2979.28;3504.69%;83.304084;2978.82
567000;85.3;3028.21;3450.07%;83.379059;3027.61
568000;82.65;2983.88;3510.26%;83.843928;2983.39
569000;82.87;3018.9;3542.93%;83.74853;3018.4
570000;83.49;2996.41;3488.94%;83.562533;2995.91
571000;83.95;3045.17;3527.36%;83.998979;3044.7
572000;83.52;2982.87;3471.44%;86.064028;2982.4
573000;84.53;2996.78;3445.23%;84.358552;2996.27
574000;84.06;3047.54;3525.43%;84.420541;3047.03
575000;83.75;3036.71;3525.92%;85.802477;3036.23
576000;85.67;3079.37;3494.46%;85.043943;3078.9
577000;84.4;3079.64;3548.86%;85.570438;3079.1
578000;84.82;3075.41;3525.81%;85.29713;3074.94
579000;84.11;3043.1;3518.00%;86.275858;3042.54
580000;86.53;3037.4;3410.23%;87.87551;3036.52
581000;84.96;3047.88;3487.43%;85.920533;3047.39
582000;85.48;3088.37;3512.97%;86.713319;3087.89
583000;86.46;3117.89;3506.16%;87.565651;3117.28
584000;85.4;3110.58;3542.37%;87.194247;3110.04
585000;85.49;3123.67;3553.84%;86.68762;3123.12
586000;85.72;3065.36;3476.01%;87.767567;3064.41
587000;86.55;3058.77;3434.11%;86.354417;3058.32
588000;85.74;3102.19;3518.14%;86.576868;3101.68
589000;85.78;3128.26;3546.84%;86.903266;3127.71
590000;86.28;3109.04;3503.43%;87.249442;3108.49
591000;87.3;3083.02;3431.52%;87.187146;3082.47
592000;87.13;3142.55;3506.74%;88.776194;3141.62
593000;86.97;3114.58;3481.21%;87.101801;3114.03
594000;86.82;3176.65;3558.89%;88.494115;3176.12
595000;87.62;3286.53;3650.89%;88.490725;3286
596000;86.18;3112.01;3511.06%;87.158123;3111.54
597000;86.91;3137.95;3510.57%;87.767486;3137.41
598000;85.72;3101.55;3518.23%;87.842271;3100.7
599000;86.45;3201.53;3603.33%;87.848973;3201.08
600000;86.65;3184.37;3574.98%;88.276877;3183.88
601000;86.14;3143.58;3549.38%;87.40284;3143.11
602000;87.09;3152.32;3519.61%;87.767429;3151.77
603000;87.45;3146.22;3497.74%;88.85525;3145.34
604000;87.66;3171.31;3517.74%;88.399415;3170.85
605000;87.01;3171.86;3545.40%;88.269567;3171.35
606000;89.11;3207.66;3499.66%;88.645127;3207.2
607000;88.1;3193.81;3525.21%;88.757371;3193.22
608000;87.88;3175.44;3513.38%;88.551121;3174.94
609000;88.09;3168.23;3496.58%;88.55007;3167.72
610000;87.79;3222.76;3570.99%;88.942041;3222.3
611000;87.98;3220.4;3560.38%;89.287545;3219.89
612000;88.5;3213.29;3530.84%;89.77017;3212.81
613000;88.97;3249.4;3552.24%;89.84384;3248.94
614000;88.52;3209.53;3525.77%;89.962799;3208.98
615000;88.81;3164.79;3463.55%;88.512327;3164.24
616000;88.85;3185.35;3485.09%;90.267338;3184.87
617000;89.22;3194.58;3480.56%;90.145012;3194.09
618000;89.41;3207.76;3487.70%;88.87601;3207.25
619000;89.14;3268.46;3566.66%;89.624027;3267.88
620000;89.89;3263.04;3530.04%;90.235826;3262.54
621000;89.39;3307.81;3600.43%;91.543612;3307.33
622000;89.62;3304.78;3587.55%;91.375655;3304.29
623000;89.64;3254;3530.08%;91.638793;3253.5
624000;89.48;3200.47;3476.74%;90.89667;3200.02
625000;89.48;3318.07;3608.17%;93.634701;3317.56
626000;90.77;3249.97;3480.45%;90.654113;3249.48
627000;90.41;3225.24;3467.35%;90.510896;3224.69
628000;92.87;3237.28;3385.82%;92.367087;3236.83
629000;90.83;3332.72;3569.18%;91.71684;3332.25
630000;91.24;3319.6;3538.32%;92.305469;3319.15
631000;93.78;3295.68;3414.27%;92.191615;3295.22
632000;91.11;3469.15;3707.65%;92.378215;3468.63
633000;91.2;3317.05;3537.12%;92.619041;3316.6
634000;91.73;3374.01;3578.20%;93.303474;3373.45
635000;93.07;3368.32;3519.13%;93.671401;3367.72
636000;91.66;3308.82;3509.88%;92.882043;3308.33
637000;92.17;3320.02;3502.06%;93.008281;3319.54
638000;93.66;3362.4;3490.01%;94.260527;3361.91
639000;93.65;3305.88;3430.04%;92.978754;3305.38
640000;92.45;3335.95;3508.38%;92.899094;3335.43
641000;92.37;3310.35;3483.79%;92.507835;3309.81
642000;92.61;3340.96;3507.56%;92.411693;3340.5
643000;95.15;3407.75;3481.45%;93.415352;3407.29
644000;92.76;3326.31;3485.93%;93.228199;3325.76
645000;93.64;3377.15;3506.52%;94.043163;3376.7
646000;94.43;3378.55;3477.84%;94.540701;3378.08
647000;93.1;3515.98;3676.56%;100.556923;3515.5
648000;96.49;3342.93;3364.54%;95.184707;3342.37
649000;95.73;3411.83;3464.01%;95.666061;3411.32
650000;95.6;3401.63;3458.19%;95.65155;3401.17
651000;95.48;3388.21;3448.61%;96.019955;3387.72
652000;95.29;3399.26;3467.28%;96.412116;3398.27
653000;94.73;3376.63;3464.48%;95.325473;3376.12
654000;95.02;3468.74;3550.54%;96.560137;3468.24
655000;96.37;3444.78;3474.54%;97.026089;3444.26
656000;97.14;3426.82;3427.71%;97.058791;3426.24
657000;96.36;3452.1;3482.50%;96.641518;3451.46
658000;95.91;3481.42;3529.88%;97.190697;3480.94
659000;97.77;3434.3;3412.63%;97.994097;3433.78
660000;96.72;3439.53;3456.17%;97.833987;3438.98
661000;96.84;3452.25;3464.90%;97.380519;3451.63
662000;98.04;3484.48;3454.14%;98.889252;3484.01
663000;96.81;3461.94;3476.01%;97.533557;3461.35
664000;99.04;3497.22;3431.12%;97.661242;3496.75
665000;97.09;3469.89;3473.89%;97.512743;3469.44
666000;99.25;3469.01;3395.22%;98.94165;3468.49
667000;98.35;3458.8;3416.83%;97.619762;3458.19
668000;97.44;3460.27;3451.18%;98.298649;3459.78
669000;98.19;3514.3;3479.08%;98.496631;3513.84
670000;98.43;3576.82;3533.87%;98.528576;3576.32
671000;99.9;3492.87;3396.37%;99.767751;3492.28
672000;97.54;3510.52;3499.06%;98.820294;3509.98
673000;98.48;3528.83;3483.30%;98.943691;3528.31
674000;99.37;3502.39;3424.59%;98.475192;3501.8
675000;100.45;3489.97;3374.34%;100.361554;3489.5
676000;101.21;3562.89;3420.29%;101.157464;3562.32
677000;100.29;3587.84;3477.47%;100.108473;3587.34
678000;98.77;3523.45;3467.33%;99.199773;3522.9
679000;100.34;3591.94;3479.77%;100.26005;3591.4
680000;99.11;3549.49;3481.36%;100.103761;3548.99
681000;102.02;3603.41;3432.06%;102.768204;3602.5
682000;99.21;3551;3479.28%;100.631104;3550.47
683000;99.77;3565.75;3473.97%;100.630844;3565.2
684000;101.13;3581.35;3441.33%;100.890468;3580.86
685000;100.06;3533.5;3431.38%;103.385236;3532.97
686000;101.19;3586.1;3443.93%;100.474612;3585.56
687000;103.19;3596.29;3385.11%;101.797777;3595.75
688000;100.13;3603.24;3498.56%;101.25074;3602.77
689000;101;3564.21;3428.92%;103.304323;3563.61
690000;101.37;3603.27;3454.57%;101.010003;3602.81
691000;100.97;3607.38;3472.72%;101.944364;3606.84
692000;101.12;3586.1;3446.38%;102.423946;3585.57
693000;101.94;3638.23;3468.99%;103.582399;3637.74
694000;101.39;3621.95;3472.30%;101.550511;3621.5
695000;101.37;3601.74;3453.06%;102.455011;3601.26
696000;101.45;3594.93;3443.55%;101.522155;3594.45
697000;102.46;3726.92;3537.44%;107.631708;3726.46
698000;102;3657.14;3485.43%;103.053852;3656.23
699000;101.94;3693.6;3523.31%;102.267357;3693.12
700000;102.38;3615.13;3431.09%;102.645801;3614.55
701000;102.84;3663.16;3462.00%;103.656493;3662.59
702000;102.29;3680.73;3498.33%;103.00085;3680.12
703000;102.24;3702.93;3521.80%;104.06943;3702.48
704000;103.5;3683.1;3458.55%;103.513063;3682.56
705000;103.17;3748.79;3533.60%;104.341857;3748.29
706000;103.43;3704.13;3481.29%;104.072805;3703.65
707000;103.19;3783.24;3566.29%;104.051045;3782.69
708000;106.93;3656.89;3319.89%;104.178729;3656.33
709000;103.66;3633.83;3405.53%;103.765362;3633.33
710000;104.81;3691.35;3421.94%;104.836853;3690.88
711000;104.9;3742.64;3467.82%;105.04314;3742.04
712000;103.97;3747.06;3503.98%;104.567682;3746.46
713000;104.1;3787.73;3538.55%;104.292869;3787.14
714000;104.59;3713.72;3450.74%;104.566524;3713.25
715000;103.88;3814.22;3571.76%;106.38705;3813.72
716000;104.47;3797.04;3534.57%;105.459306;3796.48
717000;104.28;3754.42;3500.33%;105.455483;3753.89
718000;104.57;3772.19;3507.33%;105.094763;3771.72
719000;108.3;3741.07;3354.36%;106.351854;3740.46
720000;105.02;3773.02;3492.67%;105.466982;3772.54
721000;106.42;3813.47;3483.41%;105.369704;3813.03
722000;106.39;3794.01;3466.13%;106.023611;3793.48
723000;105.58;3798.72;3497.95%;105.994457;3798.23
724000;107.5;3777.19;3413.67%;106.597343;3776.69
725000;106.68;3832.61;3492.62%;106.85634;3832.16
726000;106.21;3801.61;3479.33%;106.8758;3801.09
727000;106.78;3811.06;3469.08%;106.956801;3810.5
728000;107.36;3792.51;3432.52%;106.942636;3792.02
729000;107.46;3809.89;3445.40%;108.49992;3809.32
730000;109.83;3817.33;3375.67%;108.185363;3816.8
731000;107.77;3828.96;3452.90%;107.66153;3828.49
732000;107.23;3905.03;3541.73%;107.357075;3904.44
733000;107.3;3833.23;3472.44%;106.932063;3832.77
734000;107.24;3848.33;3488.52%;110.171391;3847.77
735000;109.24;3854.93;3428.86%;108.014389;3854.46
736000;107.91;3929.75;3541.69%;108.157677;3929.29
737000;107.14;3841.16;3485.18%;108.175354;3840.71
738000;107;3799.23;3450.68%;108.226506;3798.66
739000;115.87;3922;3284.83%;110.242375;3921.41
740000;107.81;3848.84;3470.02%;108.017808;3848.38
741000;109.08;3933.21;3505.80%;108.713643;3932.67
742000;109.93;3903.21;3450.63%;109.331375;3902.61
743000;108.18;3947.82;3549.31%;109.520851;3947.23
744000;109.93;3906.61;3453.73%;111.49019;3906.12
745000;107.92;3857.76;3474.65%;109.473003;3857.14
746000;109.59;3896.91;3455.90%;108.7884;3896.36
747000;108.83;3918.15;3500.25%;109.418722;3917.57
748000;108.7;3941.29;3525.84%;109.669941;3940.63
749000;110.11;3979.4;3514.02%;109.83507;3978.92
750000;108.73;3989.02;3568.74%;111.609545;3988.54
751000;110.63;4087.53;3594.78%;110.811655;4087
752000;109.64;3968.39;3519.47%;111.030196;3967.9
753000;110.36;3885.98;3421.19%;110.482457;3885.51
754000;110.94;3903.89;3418.92%;110.971815;3903.27
755000;110.84;3981.36;3491.99%;111.051831;3980.79
756000;111.26;3984.86;3481.57%;112.002152;3984.34
757000;110.58;4014.57;3530.47%;110.802803;4014.02
758000;112.52;3905.12;3370.60%;110.572986;3904.67
759000;111.72;3973.63;3456.78%;111.465156;3973.14
760000;111.41;4109.75;3588.85%;111.594803;4109.05
761000;111.52;4103.13;3579.28%;112.80743;4102.48
762000;112.71;4134.12;3567.93%;111.784469;4133.39
763000;111.51;4112.39;3587.91%;111.951717;4111.69
764000;111.45;4060.58;3543.41%;112.165629;4059.82
765000;112.31;4099.73;3550.37%;112.811452;4099.05
766000;113.1;4131.73;3553.17%;112.65929;4130.97
767000;112.41;4085.53;3534.49%;112.897419;4084.86
768000;111.91;4089.52;3554.29%;112.824019;4088.74
769000;115.04;4133.94;3493.48%;112.583471;4133.24
770000;112.14;4181.22;3628.57%;113.62713;4180.48
771000;112.14;4148.56;3599.45%;113.695818;4147.84
772000;112.99;4190.78;3608.98%;112.971788;4190.07
773000;113.48;4158.3;3564.35%;113.133641;4157.62
774000;112.37;4128.89;3574.37%;113.904365;4128.13
775000;113.32;4155.96;3567.45%;113.836135;4155.22
776000;112.77;4141.01;3572.08%;115.796756;4140.28
777000;114.65;4204.65;3567.38%;114.966024;4204.01
778000;114.43;4134.2;3512.86%;114.496095;4133.46
779000;113.76;4169.25;3564.95%;114.777617;4168.57
780000;116.46;4142.55;3457.06%;114.905496;4141.85
781000;113.23;4151.77;3566.67%;114.755229;4151.13
782000;114.47;4207.33;3575.49%;114.978535;4206.71
783000;114.42;4199.19;3569.98%;115.369885;4198.46
784000;114.7;4183.56;3547.39%;115.137622;4182.82
785000;115.11;4197.56;3546.56%;115.189185;4196.83
786000;115.27;4193.36;3537.86%;114.986629;4192.57
787000;114.77;4234.92;3589.92%;115.816175;4234.11
788000;114.7;4241.92;3598.27%;116.284872;4241.15
789000;115.03;4282.75;3623.16%;116.26837;4282
790000;115.27;4233.61;3572.78%;115.7206;4232.91
791000;118.57;4235.27;3471.96%;116.64207;4234.15
792000;114.7;4321.64;3667.78%;116.677685;4320.92
793000;115.25;4284.49;3617.56%;117.015657;4283.71
794000;123.92;4264.85;3341.62%;121.412376;4263.98
795000;116.35;4247.35;3550.49%;116.334211;4246.65
796000;117.94;4293.3;3540.24%;116.627502;4292.6
797000;117.02;4225.91;3511.27%;116.855929;4225.24
798000;116.51;4320.64;3608.39%;117.932046;4319.93
799000;117.38;4305.38;3567.90%;117.270402;4304.65
800000;117.78;4281.5;3535.17%;117.227989;4280.82
801000;117.07;4316.4;3587.02%;118.486052;4315.74
802000;120.28;4342.58;3510.39%;118.954231;4341.9
803000;117.64;4367.05;3612.22%;117.516796;4366.34
804000;117.13;4331.9;3598.37%;117.792313;4331.19
805000;116.89;4346.34;3618.32%;117.853555;4345.63
806000;117.56;4392.53;3636.42%;117.675379;4391.88
807000;117.38;4337.28;3595.08%;118.648905;4336.5
808000;117.57;4271.39;3533.06%;118.596165;4270.74
809000;117.64;4260.69;3521.80%;119.715886;4260.07
810000;117.67;4409.76;3647.57%;118.62139;4409.09
811000;118.5;4324.27;3549.17%;121.849933;4323.47
812000;117.73;4402.25;3639.28%;118.683905;4401.58
813000;119.01;4355.04;3559.39%;118.942499;4354.26
814000;118.26;4306.95;3541.93%;118.961408;4306.31
815000;118.88;4327;3539.80%;118.938308;4326.37
816000;119.12;4408.5;3600.89%;119.737744;4407.83
817000;118.82;4496.89;3684.62%;119.686567;4496.1
818000;120.03;4371.05;3541.63%;119.752503;4370.37
819000;121.6;4361;3486.35%;119.842601;4360.28
820000;118.53;4316.84;3541.98%;120.375345;4316.14
821000;119.82;4362.6;3540.96%;120.653234;4361.86
822000;119.36;4371.91;3562.79%;122.076547;4371.23
823000;119.99;4323.59;3503.29%;121.043866;4322.93
824000;121.34;4496.59;3605.78%;121.774395;4495.82
825000;121.12;4371.08;3508.88%;120.868059;4370.18
826000;120.78;4525.42;3646.83%;120.866433;4524.74
827000;120.85;4364.24;3511.29%;121.094024;4363.49
828000;121.52;4431.15;3546.44%;121.568794;4430.51
829000;120.67;4368.64;3520.32%;121.668439;4367.85
830000;120.43;4493.76;3631.43%;121.767911;4493.02
831000;120.88;4395.13;3535.94%;121.583316;4394.45
832000;121.55;4370.75;3495.85%;121.629799;4370.09
833000;121.22;4373.3;3507.74%;122.33005;4372.19
834000;121.88;4373.02;3487.97%;122.75594;4371.94
835000;124.39;4406.48;3442.47%;124.071213;4375.87
836000;121.83;4504.97;3597.75%;122.371174;4504.25
837000;122.39;4585.96;3647.01%;123.268759;4585.28
838000;122.85;4479.21;3546.08%;123.341142;4478.49
839000;122.55;4566.74;3626.43%;127.694655;4565.98
840000;123.55;4466.07;3514.79%;122.770291;4465.41
841000;123.32;4588.31;3620.65%;123.890009;4587.63
842000;122.24;4459.39;3548.06%;122.846658;4458.73
843000;122.87;4611.15;3652.87%;124.908031;4610.42
844000;122.83;4491.52;3556.70%;124.473178;4490.77
845000;123.15;4570.98;3611.72%;123.836838;4570.25
846000;125.81;4541.56;3509.86%;123.622488;4540.82
847000;124.56;4558.54;3559.71%;124.152718;4557.91
848000;123.21;4617.41;3647.59%;124.185507;4616.73
849000;124.5;4518.52;3529.33%;124.186909;4517.87
850000;123.25;4516.46;3564.47%;124.433293;4515.77
851000;124.47;4580.6;3580.08%;125.045182;4579.98
852000;124.01;4572.18;3586.95%;127.740533;4512.92
853000;123.86;4609.28;3621.36%;125.840023;4608.61
854000;124.54;4539.35;3544.89%;124.63576;4538.61
855000;124.76;4492.74;3501.11%;125.141164;4492.03
856000;124.4;4568.59;3572.50%;125.764236;4567.93
857000;127;4551.15;3483.58%;125.96542;4550.44
858000;125.4;4575.06;3548.37%;125.541966;4574.37
859000;126.81;4644.29;3562.40%;125.824371;4643.57
860000;126.45;4581.25;3522.97%;127.328577;4580.44
861000;125.81;4664.75;3607.77%;126.485627;4664.06
862000;127.09;4574.64;3499.53%;126.131654;4573.98
863000;125.6;4568.15;3537.06%;126.402436;4567.37
864000;126.01;4598.18;3549.06%;127.361174;4597.51
865000;126.95;4664.82;3574.53%;130.04778;4664.13
866000;126.48;4562.37;3507.19%;126.969451;4561.7
867000;127.02;4566.34;3494.98%;126.742759;4565.57
868000;127.26;4583.08;3501.35%;126.9559;4582.36
869000;126.42;4679.32;3601.41%;127.824384;4678.65
870000;126.1;4696.58;3624.49%;127.405137;4695.96
871000;126.73;4676.67;3590.26%;127.50329;4675.95
872000;129.26;4691.84;3529.77%;128.400322;4691.09
873000;127.24;4598.91;3514.36%;127.819955;4598.2
874000;128.08;4661.47;3539.50%;128.418799;4660.8
875000;127;4637.37;3551.47%;128.602038;4636.61
876000;127.8;4714.55;3589.01%;128.227892;4713.74
877000;126.92;4626.78;3545.43%;128.535009;4626.02
878000;128.36;4778.51;3622.74%;129.621529;4777.81
879000;128.59;4675.28;3535.80%;128.192166;4674.5
880000;128.76;4710.14;3558.08%;129.441927;4709.47
881000;129.25;4732.73;3561.69%;128.910704;4732
882000;128.9;4721.36;3562.81%;129.059282;4720.69
883000;128.8;4657.91;3516.39%;129.891147;4657.14
884000;129.68;4717.89;3538.10%;129.58121;4717.21
885000;128.58;4739.37;3585.93%;129.076881;4738.71
886000;128.48;4669.23;3534.21%;130.42378;4668.52
887000;129.6;4672.7;3505.48%;129.640917;4671.95
888000;129.94;4715.31;3528.84%;130.167021;4714.55
889000;130.16;4718.72;3525.32%;130.403927;4718
890000;133.65;4762.97;3463.76%;131.634896;4762.21
891000;130.03;4690.14;3506.97%;130.717601;4689.35
892000;130.37;4771.86;3560.24%;130.519883;4771.13
893000;129.9;4675.63;3499.41%;130.671021;4674.85
894000;129.86;4685.31;3507.97%;131.372587;4684.51
895000;130.76;4676.16;3476.14%;130.97846;4675.35
896000;131.94;4674.6;3442.97%;131.134248;4673.95
897000;131.44;4735.49;3502.78%;132.459171;4734.85
898000;134.06;4883.67;3542.90%;132.799717;4882.93
899000;131.16;4772.89;3538.98%;132.777088;4772.08
900000;131.9;4761.84;3510.19%;131.812918;4761.11
901000;132.08;4809.14;3541.08%;131.90458;4808.03
902000;131.31;4919.99;3646.85%;133.325329;4919.26
903000;132.19;4806.6;3536.13%;132.171515;4805.84
904000;133.26;4823.83;3519.86%;131.537292;4823.06
905000;132.21;4754.26;3495.99%;132.768396;4753.5
906000;131.47;4775.56;3532.43%;132.610868;4774.92
907000;133.34;4820.42;3515.13%;132.17636;4819.68
908000;132.62;4807.63;3525.12%;132.671429;4806.96
909000;132.99;4765.21;3483.13%;133.272733;4764.57
910000;132.25;4833.11;3554.53%;133.66949;4832.46
911000;132.64;4919.58;3608.97%;134.569429;4918.93
912000;133.69;4864.94;3538.97%;133.837647;4864.21
913000;135.84;4777.83;3417.25%;135.298308;4777.14
914000;134.64;4772.08;3444.33%;133.309845;4771.43
915000;134.17;4771.71;3456.47%;133.741231;4771.04
916000;133.24;4788.62;3493.98%;134.009429;4787.96
917000;134.85;4943.06;3565.60%;135.912449;4942.38
918000;133.89;4911.38;3568.22%;134.022119;4910.69
919000;133.32;4939.13;3604.72%;135.69267;4938.47
920000;135.39;4877.97;3502.90%;134.618177;4877.27
921000;134.32;4965.06;3596.44%;135.680976;4964.28
922000;134.01;4992.11;3625.18%;134.55854;4991.41
923000;135.53;4812.85;3451.13%;135.270333;4812.21
924000;135.25;4891.75;3516.82%;136.384415;4891.01
925000;134.67;4926.48;3558.19%;135.659631;4925.8
926000;135.77;4929.02;3530.42%;135.670497;4928.32
927000;136.99;4943.27;3508.49%;135.881218;4942.59
928000;134.8;5011.2;3617.51%;136.161127;5010.5
929000;138.03;4957.23;3491.41%;143.269609;4956.32
930000;133.41;4914.94;3584.09%;135.104224;4914.25
931000;136.45;4953.28;3530.11%;135.879382;4952.65
932000;135.51;4938.22;3544.17%;136.943843;4937.41
933000;136.95;4897.53;3476.14%;136.735463;4896.74
934000;139.04;4997.84;3494.53%;139.395508;4997.08
935000;136.2;4964.08;3544.70%;136.570406;4963.42
936000;137.15;4917.89;3485.77%;136.347198;4917.18
937000;135.89;4944.28;3538.44%;136.604002;4943.55
938000;136.56;4921.78;3504.12%;137.834445;4921
939000;137.51;4973.76;3517.02%;138.369055;4973.01
940000;137.47;5053.87;3576.34%;138.165784;5053.17
941000;137.12;4940.21;3502.84%;137.876306;4939.46
942000;137.16;4999.73;3545.18%;137.483875;4998.94
943000;137.21;5106;3621.30%;138.87462;5105.29
944000;138.07;4986.62;3511.66%;138.287338;4985.8
945000;137.78;4978.02;3513.02%;138.500628;4977.3
946000;137.54;5072.83;3588.26%;138.98766;5072.2
947000;137.92;4986.65;3515.61%;138.369306;4985.96
948000;137.92;5044.69;3557.69%;138.586974;5043.98
949000;138.56;5067.82;3557.49%;139.226932;5067.16
950000;137.72;5128.73;3624.03%;139.586242;5127.96
951000;139.34;5039.08;3516.39%;139.60003;5038.39
952000;138.69;5049.34;3540.74%;139.473433;5048.59
953000;138.57;5020.61;3523.16%;139.665104;5019.84
954000;141.98;5014.98;3432.17%;141.090371;5014.31
955000;139.79;5024.22;3494.12%;139.988676;5023.41
956000;140.68;5071.87;3505.25%;139.679225;5071.19
957000;138.93;5066.63;3546.89%;140.401869;5065.99
958000;139.99;5059.54;3514.22%;140.546655;5058.7
959000;139.15;5044.85;3525.48%;140.157863;5044.15
960000;139.88;5063.16;3519.65%;140.63182;5062
961000;140.37;5215.83;3615.77%;140.967002;5215.12
962000;142.92;5061.96;3441.81%;141.08691;5061.29
963000;139.41;5003.54;3489.08%;140.248198;5002.88
964000;140.12;5230.81;3633.09%;141.960195;5230.12
965000;142.26;5141.02;3513.82%;141.574703;5140.3
966000;140.36;5099.8;3533.37%;140.874193;5099.17
967000;141.62;5124.7;3518.63%;141.306097;5124.03
968000;141.07;5099.35;3514.77%;140.975547;5098.63
969000;140.59;5201.49;3599.76%;142.215421;5200.81
970000;141.5;5149.73;3539.39%;141.856079;5149.06
971000;141.06;5279.5;3642.73%;143.671209;5278.79
972000;142.23;5121.25;3500.68%;141.890792;5120.54
973000;142.22;5148.2;3519.88%;142.109164;5147.43
974000;143.75;5178.6;3502.50%;142.501421;5177.86
975000;141.68;5116.43;3511.26%;142.002855;5115.64
976000;142.56;5189.89;3540.50%;142.19911;5189.19
977000;141.97;5244.35;3593.98%;143.445566;5243.67
978000;142.21;5129.65;3507.10%;142.771582;5128.91
979000;142.26;5193.33;3550.59%;143.270976;5192.67
980000;145.29;5217.83;3491.32%;143.484328;5217.16
981000;142.54;5191.53;3542.16%;143.408901;5190.8
982000;144.11;5254.38;3546.09%;143.705653;5253.77
983000;143.55;5173.54;3504.00%;143.565731;5172.86
984000;143.93;5225.19;3530.37%;143.507079;5224.5
985000;145.38;5337.76;3571.59%;144.35058;5337.09
986000;143.52;5197.6;3521.52%;144.332423;5196.85
987000;145.88;5254;3501.59%;144.503586;5253.26
988000;143.93;5305.99;3586.51%;144.370183;5305.33
989000;143.54;5205.5;3526.52%;143.908712;5204.83
990000;144.37;5218.52;3514.68%;145.2054;5217.45
991000;143.3;5251.65;3564.79%;144.444563;5251.01
992000;144.99;5318.56;3568.23%;144.983418;5317.91
993000;145.3;5234.4;3502.48%;144.708503;5233.67
994000;144.61;5269.89;3544.21%;145.667253;5269.19
995000;144.47;5265.29;3544.56%;145.261783;5264.57
996000;148.07;5261.98;3453.71%;146.555764;5261.21
997000;145.46;5334.33;3567.21%;145.375292;5333.63
998000;145.51;5234.85;3497.59%;146.391487;5234.11
999000;146.73;5309.26;3518.39%;146.015037;5308.53
1000000;145.9;5243.25;3493.73%;145.602568;5242.53
