iterations;buffer size;without trace;with trace;overhead ratio;trace time;decode time
1000;2;14.44;30.651;112.2645429362881%;15.948269;30.3663
2000;4;28.28;53.8561;90.43882602545968%;29.489135;53.5046
3000;8;47.06;70.232;49.239269018274534%;46.945372;69.6881
4000;8;57.31;100.332;75.06892339905774%;56.589456;99.9719
5000;8;70.55;137.148;94.39829907866762%;70.406063;136.841
6000;16;84.42;142.54;68.84624496564794%;84.03546;142.223
7000;16;97.62;164.092;68.09260397459538%;98.32682500000001;163.76
8000;16;111.53;189.957;70.31919662870976%;112.094889;189.598
9000;16;126.34;241.965;91.51891720753522%;132.88564300000002;241.675
10000;16;140.15;243.065;73.43203710310381%;139.22229000000002;242.767
11000;16;154.19;284.254;84.35307088656853%;153.649728;283.936
12000;32;168.94;294.47;74.30448680004737%;167.490409;294.195
13000;32;181.06;337.434;86.36584557605215%;183.130975;337.128
14000;32;195.78;352.876;80.24108693431401%;196.507979;352.595
15000;32;210.27;399.421;89.95624673039424%;208.18048700000003;399.104
16000;32;224.57;365.23;62.63525849401079%;222.162811;364.907
17000;32;237.19;358.735;51.24372865635145%;238.24088;358.404
18000;32;249.79;415.569;66.36734857280116%;252.416831;415.252
19000;32;265.44;404.833;52.51393911995179%;268.185972;404.554
20000;32;280.28;473.003;68.76088197516769%;278.39612100000005;472.724
21000;32;292.0;484.654;65.97739726027397%;292.304396;484.38
22000;32;305.35;473.382;55.029310627149165%;306.065146;473.11
23000;32;319.26;487.291;52.63139760696611%;324.10474200000004;486.975
24000;64;335.32;575.556;71.64380293451033%;339.038768;575.272
25000;64;350.34;536.122;53.02905748701261%;348.242856;535.345
26000;64;364.61;579.473;58.929541153561324%;363.647937;579.189
27000;64;376.19;569.452;51.373508067731734%;375.530683;569.092
28000;64;391.41;651.546;66.46125546102553%;394.524548;651.169
29000;64;401.87;699.503;74.06201010276956%;405.652964;699.219
30000;64;419.15;802.598;91.4822855779554%;425.627175;802.274
31000;64;440.1;1922.57;336.84844353556%;436.512194;1922.11
32000;64;445.74;7417.11;1563.9991923542873%;519.2199770000001;7416.77
33000;64;461.45;720.257;56.085599739950155%;464.238455;719.84
34000;64;475.05;703.003;47.98505420482055%;472.967567;702.58
35000;64;486.25;840.831;72.92154241645244%;486.82066199999997;840.471
36000;64;498.07;953.163;91.37129319172004%;501.915511;952.836
37000;64;512.23;885.685;72.90767819143741%;520.793208;885.307
38000;64;527.24;900.393;70.77478946969123%;536.062728;900.112
39000;64;539.02;943.011;74.94916700679009%;548.315247;942.726
40000;64;558.82;973.824;74.26434272216453%;557.319518;973.512
41000;64;563.89;1016.62;80.2869353952012%;577.186084;1016.31
42000;64;580.36;1030.93;77.63629471362603%;591.903454;1030.62
43000;64;591.96;914.6;54.50368268126225%;599.859854;914.156
44000;64;606.05;914.888;50.95916178533126%;619.757925;914.609
45000;64;628.57;992.11;57.836040536455755%;634.18731;991.778
46000;64;658.25;1096.35;66.55526015951385%;652.462805;1095.99
47000;64;654.3;1069.7;63.4876967751796%;661.2835520000001;1069.41
48000;128;660.44;1035.99;56.86360608079462%;674.950065;1035.69
49000;128;683.84;1265.65;85.07984323818437%;677.9309330000001;1265.32
50000;128;691.31;1027.13;48.57733867584733%;702.2331320000001;1026.78
51000;128;703.49;1262.32;79.43680791482464%;719.276602;1262.0
52000;128;716.94;1258.64;75.55722933578821%;732.062547;1258.34
53000;128;728.68;1203.65;65.18224735137511%;745.032827;1203.3
54000;128;748.61;1376.45;83.86743431159081%;759.03652;1376.03
55000;128;761.94;1280.88;68.10772501771794%;766.248503;1280.56
56000;128;770.63;1335.6;73.31274411844853%;789.8720870000001;1335.17
57000;128;788.22;1392.32;76.64103930374768%;787.638756;1392.0
58000;128;795.78;1197.2;50.443589936917256%;806.57819;1196.85
59000;128;819.5;1211.44;47.82672361195851%;835.615919;1211.11
60000;128;829.06;1235.54;49.0290208187586%;845.336083;1235.21
61000;128;843.35;1563.95;85.44495168079682%;859.4609750000001;1563.62
62000;128;864.5;1341.14;55.134759976865254%;862.007735;1340.82
63000;128;882.13;1682.7;90.75419722716606%;877.126524;1681.87
64000;128;890.96;1422.01;59.6042471042471%;890.460506;1421.68
65000;128;908.71;1357.51;49.38869386272848%;914.977033;1357.21
66000;128;917.61;1636.37;78.32957356611196%;929.1139770000001;1635.99
67000;128;926.34;1713.25;84.94829112420925%;943.2852280000001;1712.93
68000;128;944.33;1531.67;62.196477926148695%;956.443283;1531.34
69000;128;959.33;1580.17;64.71599970812963%;972.139094;1579.83
70000;128;973.83;1666.57;71.13561915324028%;980.401374;1666.26
71000;128;978.69;1556.34;59.022775342549714%;1008.628868;1556.03
72000;128;1022.5;1677.68;64.07628361858191%;1019.0266250000001;1677.36
73000;128;1041.02;1747.1;67.82578624810282%;1070.97686;1746.67
74000;128;1043.83;1823.04;74.64912868953758%;1057.895885;1822.75
75000;128;1047.77;1699.74;62.22453401032669%;1055.934472;1699.41
76000;128;1049.14;1867.31;77.98482566673654%;1063.9474300000002;1867.01
77000;128;1072.91;2258.59;110.51066725074796%;1091.5315050000002;2258.26
78000;128;1084.62;2217.84;104.48083199645963%;1161.853106;2217.53
79000;128;1133.96;2145.59;89.2121415217468%;1135.515712;2145.2
80000;128;1140.4;2396.87;110.17800771659066%;1193.855898;2396.53
81000;128;1157.73;2211.61;91.02986015737694%;1156.99502;2211.26
82000;128;1143.48;2429.78;112.48994298107533%;1198.001217;2429.42
83000;128;1154.08;1989.91;72.4239220851241%;1171.304538;1989.58
84000;128;1160.14;1988.16;71.37242056993121%;1240.0125030000002;1987.78
85000;128;1181.43;2600.38;120.104449692322%;1212.384421;2600.04
86000;128;1196.39;2780.67;132.42170195337638%;1286.201458;2780.36
87000;128;1210.43;5536.83;357.42669960262054%;1268.930609;5536.51
88000;128;1224.33;2200.91;79.76444259309173%;1284.892997;2200.57
89000;128;1253.39;2132.85;70.16650842914015%;1301.688158;2132.43
90000;128;1253.5;2785.68;122.23214998005582%;1313.7711510000001;2785.35
91000;128;1262.54;3249.66;157.39065692968143%;1330.441481;3249.38
92000;128;1274.06;2254.62;76.96340831671978%;1332.6949499999998;2254.3
93000;128;1287.52;2565.15;99.23185659251897%;1368.51351;2564.78
94000;128;1310.17;2235.43;70.62136974591081%;1365.6505559999998;2235.1
95000;128;1338.91;2817.12;110.4039853313516%;1391.25261;2816.82
96000;256;1322.46;2651.31;100.48319041785763%;1423.427665;2650.98
97000;256;1346.52;2098.7;55.8610343700799%;1351.404883;2098.37
98000;256;1369.07;2659.12;94.22819870422988%;1480.735278;2658.77
99000;256;1363.82;2356.22;72.76620081828979%;1397.4012679999998;2355.9
100000;256;1389.65;3279.01;135.95941424099593%;1509.240642;3278.69
101000;256;1406.87;3362.96;139.03843283316868%;1543.0054300000002;3362.62
102000;256;1423.02;3196.44;124.62368765020872%;1540.849676;3196.09
103000;256;1423.79;2859.08;100.80770338322364%;1494.127751;2858.74
104000;256;1441.33;2422.98;68.1072342905511%;1485.161067;2422.42
105000;256;1449.4;2934.71;102.47757692838415%;1526.718565;2934.29
106000;256;1467.91;2978.0;102.873473169336%;1525.8930739999998;2977.68
107000;256;1487.73;2871.86;93.03637084686066%;1597.218944;2871.5
108000;256;1522.63;3377.71;121.83393207804916%;1583.207617;3377.3
109000;256;1493.62;3172.41;112.39739692826825%;1587.369276;3172.05
110000;256;1528.16;3876.51;153.67173594388024%;1679.6094480000002;3876.1
111000;256;1524.65;3111.78;104.09798970255468%;1719.782573;3111.43
112000;256;1539.85;3651.35;137.12374581939798%;1684.4324159999999;3651.0
113000;256;1553.61;3217.09;107.07191637540956%;1719.9619799999998;3216.74
114000;256;1566.11;3936.69;151.36740075729037%;1738.4759700000002;3936.34
115000;256;1584.34;3590.1;126.59908857947157%;1684.337314;3589.72
116000;256;1601.77;3654.21;128.13574982675416%;1802.8927;3653.8
117000;256;1629.52;3276.18;101.05184348765279%;1722.255742;3275.73
118000;256;1625.67;3284.99;102.06991578856714%;1733.211871;3284.64
119000;256;1640.29;3584.28;118.51501868572024%;1816.425115;3583.89
120000;256;1663.65;3373.45;102.77402097797011%;1835.243642;3373.05
121000;256;1688.87;3645.04;115.82715069839597%;1831.566783;3644.69
122000;256;1687.92;3410.77;102.06941087255319%;1865.800771;3410.44
123000;256;1694.75;3510.54;107.14205635049416%;1813.996112;3510.07
124000;256;1721.81;3939.42;128.7952793862273%;1825.688236;3939.1
125000;256;1739.02;3486.27;100.47325505169577%;1848.637742;3485.94
126000;256;1754.23;3861.12;120.10340719289945%;1915.019765;3860.77
127000;256;1745.78;3153.51;80.6361626321759%;1910.882283;3153.16
128000;256;1754.06;3882.95;121.3692804123006%;1810.2253249999999;3882.59
129000;256;1782.64;3497.35;96.18935960148991%;1953.342652;3497.03
130000;256;1801.02;3603.89;100.10271957002143%;1844.677766;3603.48
131000;256;1806.96;3754.11;107.75833444016469%;1854.857463;3753.76
132000;256;1818.48;3498.22;92.37055122959833%;1918.141396;3497.78
133000;256;1833.28;3510.64;91.4950253098272%;1992.2664730000001;3510.25
134000;256;1861.05;3249.11;74.58477741060156%;2004.413347;3248.8
135000;256;1856.52;3726.8;100.74117165449337%;2023.056951;3726.49
136000;256;1889.05;4141.22;119.2223604457267%;2040.7594350000002;4140.89
137000;256;1912.9;3685.87;92.68492864237544%;2050.2616860000003;3685.52
138000;256;1909.49;3707.27;94.14974679102797%;2074.240164;3706.89
139000;256;1926.18;3509.31;82.19013799333395%;2148.19133;3508.96
140000;256;1947.52;3499.25;79.67723052908315%;2146.2064100000002;3498.5
141000;256;1956.2;3438.14;75.75605766281566%;2098.890374;3437.73
142000;256;1949.91;3748.29;92.2288721017893%;2172.206965;3747.97
143000;256;1997.5;4297.97;115.1674593241552%;2122.060907;4297.62
144000;256;2009.41;3684.94;83.3841774451207%;2182.366463;3684.59
145000;256;1990.35;3851.28;93.49762604567037%;2076.602315;3850.96
146000;256;2000.54;3892.1;94.55247083287513%;2177.782778;3891.7
147000;256;2025.34;3732.93;84.31127613141497%;2192.572308;3732.57
148000;256;2038.35;4263.91;109.18438933451075%;2207.816003;4263.03
149000;256;2077.77;3921.38;88.73022519335635%;2252.6520079999996;3920.96
150000;256;2074.64;3759.32;81.20348590598853%;2246.507373;3758.96
151000;256;2103.15;4880.96;132.07854884340156%;2252.369638;4880.64
152000;256;2106.28;4304.46;104.36314260212316%;2320.58045;4304.12
153000;256;2110.88;4408.89;108.86502311832034%;2323.3322449999996;4408.51
154000;256;2136.95;4925.53;130.49346030557572%;2394.758988;4925.08
155000;256;2327.87;3808.61;63.60922216446796%;2453.859023;3808.08
156000;256;2309.29;4721.9;104.47410242975113%;2688.2802220000003;4721.38
157000;256;2318.01;4339.03;87.18771705040096%;2538.287656;4338.59
158000;256;2317.76;4944.46;113.32924893000136%;2534.251283;4944.13
159000;256;2400.78;5126.11;113.51852314664397%;2651.8031060000003;5125.21
160000;256;2411.03;34298.6;1322.5704367013266%;2888.216712;34298.1
161000;256;2358.93;5018.85;112.759598631583%;2699.547888;5017.99
162000;256;2351.81;4187.72;78.06370412575848%;2572.4168059999997;4187.4
163000;256;2304.99;11805.1;412.15406574432%;2652.6561739999997;11804.8
164000;256;2534.7;6313.12;149.06773977196514%;2700.371431;6312.68
165000;256;2452.95;4594.49;87.30467396400253%;2655.593761;4594.17
166000;256;2362.15;4896.82;107.30351586478417%;2670.3071;4896.5
167000;256;2374.82;4574.86;92.64028431628499%;2627.713097;4574.47
168000;256;2410.09;5584.81;131.72620109622463%;2647.73034;5584.5
169000;256;2454.42;4471.32;82.17420001466739%;2702.4781669999998;4470.67
170000;256;2384.14;5869.88;146.2053402904192%;2751.68811;5869.54
171000;256;2446.7;5502.25;124.88453835778806%;2759.4484169999996;5501.77
172000;256;2415.61;4863.66;101.34293201303188%;2804.773094;4863.21
173000;256;2689.76;34765.4;1192.5093688656236%;2984.055811;34765.1
174000;256;2408.13;6629.11;175.28040429711018%;2750.678753;6628.77
175000;256;2448.58;5396.32;120.38569293223009%;2680.225108;5395.99
176000;256;2433.2;14127.9;480.6304455038633%;2821.045901;14127.6
177000;256;2448.32;4939.67;101.75753169520323%;2739.224884;4939.34
178000;256;2454.18;5233.54;113.25004685882863%;2786.926681;5233.13
179000;256;2471.18;5320.99;115.32183005689589%;2863.409139;5320.64
180000;256;2595.56;4402.92;69.632757478155%;2826.826998;4402.44
181000;256;2656.4;5533.27;108.2995783767505%;2824.114893;5532.89
182000;256;2524.61;4779.59;89.3199345641505%;2845.446164;4779.26
183000;256;2551.0;5357.33;110.00901607212859%;2785.180613;5356.97
184000;256;2588.49;4419.59;70.74008398718946%;2701.4637199999997;4419.09
185000;256;2584.74;4572.2;76.89206651345978%;2565.131174;4571.85
186000;256;2626.97;4847.63;84.53313132620474%;2610.3277080000003;4847.18
187000;256;2597.48;4843.24;86.45918351633121%;2616.034026;4842.83
188000;256;2654.26;4456.59;67.90329508036137%;2612.2859089999997;4456.23
189000;256;2634.86;5372.41;103.89736077059122%;2675.136998;5371.96
190000;512;2766.84;4114.84;48.71983923898743%;2682.4024950000003;4114.38
191000;512;2645.08;5073.46;91.80743115520136%;2837.030357;5073.06
192000;512;2812.59;7242.86;157.51567060965158%;3161.631338;7242.28
193000;512;2808.27;6336.44;125.63499948366787%;2879.6347939999996;6336.04
194000;512;2708.36;5621.13;107.54737184126186%;2969.350693;5620.76
195000;512;2703.63;5086.65;88.14149865181254%;2811.013305;5086.16
196000;512;2746.39;5335.28;94.2651990431075%;2966.7264210000003;5334.9
197000;512;2725.13;5097.37;87.05052602995086%;2862.941789;5096.89
198000;512;2790.34;4887.17;75.14603955073575%;2769.109278;4886.64
199000;512;2743.91;5087.93;85.4262712698303%;2799.391731;5087.54
200000;512;2766.16;4232.78;53.020071145559186%;2860.892411;4232.36
201000;512;2813.6;4857.02;72.62652829115726%;2838.678605;4856.65
202000;512;2835.71;5240.61;84.8076848478864%;2933.813498;5240.12
203000;512;2844.39;7013.32;146.56675069171249%;2986.2030099999997;7012.96
204000;512;2863.49;5161.98;80.26883278796154%;2882.6494390000003;5161.5
205000;512;2850.85;6892.68;141.77631232790222%;3044.223141;6892.32
206000;512;2887.34;7047.23;144.07343783551642%;3047.283239;7046.84
207000;512;2873.06;6461.32;124.89331931807897%;3064.355154;6460.92
208000;512;2923.49;6226.61;112.98550704808295%;3145.0084309999997;6225.82
209000;512;2894.21;7060.13;143.93979704306184%;3162.670357;7059.71
210000;512;2902.15;5456.64;88.02060541322813%;3076.1885620000003;5456.25
211000;512;2918.75;5248.66;79.82561027837258%;3101.531356;5248.26
212000;512;2947.16;6192.01;110.10091070725719%;3159.870429;6191.65
213000;512;2959.19;6841.14;131.1828574711323%;3312.097058;6840.78
214000;512;2987.48;5065.02;69.5415534162572%;2975.915296;5064.61
215000;512;3024.36;4721.28;56.108399793675346%;3010.426674;4720.78
216000;512;3017.43;5106.94;69.24800243916181%;3070.218608;5106.54
217000;512;3009.91;6836.86;127.14499769096086%;3202.2184660000003;6836.46
218000;512;3059.02;5406.6;76.74287843819265%;3176.939008;5406.24
219000;512;3071.64;7241.12;135.74116758474298%;3265.725688;7240.7
220000;512;3089.57;7298.39;136.22672410723823%;3307.483943;7297.92
221000;512;3062.76;6202.01;102.49742062714675%;3288.3117150000003;6201.62
222000;512;3107.84;6251.48;101.15192545304774%;3318.622927;6251.08
223000;512;3119.62;6049.1;93.90502689430124%;3290.970406;6048.71
224000;512;3103.53;6579.61;112.00407278163895%;3476.165993;6579.1
225000;512;3114.73;5721.88;83.70388444584282%;3392.818264;5721.42
226000;512;3173.25;6516.05;105.34310249743955%;3411.64591;6515.59
227000;512;3181.82;7909.79;148.5932579467097%;3385.96281;7909.23
228000;512;3182.31;5501.99;72.89296140225183%;3405.673669;5501.51
229000;512;3139.67;6628.83;111.13142464016919%;3494.7978049999997;6628.46
230000;512;3172.95;6732.25;112.1763658425125%;3516.527423;6731.73
231000;512;3171.65;5817.76;83.43007582803904%;3470.162404;5817.33
232000;512;3212.77;5972.56;85.90064025747253%;3435.068863;5972.09
233000;512;3225.2;6391.64;98.17809748232669%;3464.116191;6391.27
234000;512;3220.57;6414.35;99.16815967359815%;3503.58059;6413.97
235000;512;3232.65;6521.67;101.74377059069184%;3440.1923659999998;6521.28
236000;512;3228.07;6780.2;110.0388157629791%;3635.562529;6779.76
237000;512;3253.56;6456.28;98.43740395136405%;3640.061264;6455.89
238000;512;3280.41;6236.25;90.10580994448866%;3636.42339;6235.87
239000;512;3329.35;7732.71;132.25884932494333%;3507.962526;7732.18
240000;512;3309.07;7234.1;118.61429344196407%;3561.076814;7233.74
241000;512;3308.71;7509.96;126.97546778049451%;3543.732169;7509.56
242000;512;3364.08;8132.14;141.73444151149798%;3552.601166;8131.67
243000;512;3374.35;6493.18;92.42757864477605%;3611.147809;6492.72
244000;512;3394.67;6433.72;89.52416582466043%;3579.2483669999997;6433.36
245000;512;3403.9;7696.0;126.09359851934548%;3632.7617020000002;7695.64
246000;512;3406.11;8038.56;136.00412200428056%;3648.934875;8038.16
247000;512;3430.08;6717.2;95.83216717977423%;3755.6082229999997;6716.73
248000;512;3416.14;9163.12;168.23022475659667%;3762.499209;9162.76
249000;512;3440.55;7193.75;109.08720989376697%;3837.4870739999997;7193.4
250000;512;3436.26;8017.59;133.3231478409666%;3703.036421;8017.21
251000;512;3456.82;6672.65;93.0285638245555%;3762.394827;6672.15
252000;512;3498.72;6385.41;82.50703114281795%;3719.8632439999997;6384.97
253000;512;3490.26;7775.42;122.77480760745615%;3735.6667939999998;7774.93
254000;512;3496.57;7961.79;127.70286309154397%;3769.413372;7961.39
255000;512;3515.38;7114.36;102.37812128418548%;3905.820229;7114.0
256000;512;3546.76;5962.57;68.11315115767628%;3739.774379;5962.17
257000;512;3555.26;9247.08;160.09574545884124%;3941.983598;9246.58
258000;512;3570.57;7660.36;114.54165581405769%;3976.365343;7659.86
259000;512;3581.64;6865.6;91.68872360147867%;3975.797529;6865.21
260000;512;3581.47;7118.34;98.7547012818759%;3972.648885;7117.96
261000;512;3634.2;7100.31;95.37477298992903%;3947.456748;7099.91
262000;512;3627.33;7929.56;118.60597188565696%;3910.2603639999998;7929.15
263000;512;3627.72;9432.72;160.01786245906519%;3999.429598;9432.29
264000;512;3699.7;7092.87;91.71473362705085%;3880.078587;7092.43
265000;512;3711.11;8454.4;127.81324186025202%;3972.772177;8454.03
266000;512;3722.9;7785.94;109.13642590453676%;3988.324905;7785.55
267000;512;3720.75;8665.19;132.88826177517973%;3921.0849120000003;8664.77
268000;512;3717.04;9509.82;155.8438972946215%;4075.914142;9509.42
269000;512;3718.13;7775.51;109.12421028850525%;3973.1047630000003;7775.16
270000;512;3733.78;8282.92;121.83738731258937%;4016.925211;8282.52
271000;512;3767.68;8167.07;116.76655129947339%;4016.627927;8166.69
272000;512;3762.42;7458.01;98.22374960796509%;4192.516673;7457.62
273000;512;3770.11;8106.63;115.0236995737525%;4063.48869;8106.23
274000;512;3841.87;8306.9;116.22022608781661%;4239.368817;8306.51
275000;512;3839.81;7690.22;100.27605532565414%;4127.079595;7689.85
276000;512;3830.92;8190.53;113.8006014221127%;4241.270436000001;8190.03
277000;512;3833.33;9399.14;145.19516973493018%;4079.217777;9398.65
278000;512;3897.16;7477.11;91.86048301840314%;4075.044371;7476.71
279000;512;3859.21;9204.5;138.50736290587972%;4325.944973;9204.14
280000;512;3908.0;7409.99;89.61079836233367%;4182.507525;7409.59
281000;512;3911.44;7982.15;104.07190190824862%;4334.876851;7981.71
282000;512;3911.37;7820.85;99.95167933486222%;4326.888445;7820.46
283000;512;3926.25;6641.33;69.15198981216173%;4044.2191580000003;6640.93
284000;512;3956.76;8395.56;112.18269493221725%;4242.953738;8395.11
285000;512;3930.64;6851.84;74.31868601550894%;4300.180499;6851.45
286000;512;3942.7;8243.51;109.08286199812314%;4381.043214;8243.11
287000;512;4026.97;8471.39;110.36635485240764%;4319.59151;8470.96
288000;512;4030.38;8024.04;99.0889196552186%;4379.007259;8023.57
289000;512;3990.29;7648.37;91.67453994571822%;4454.141936;7647.87
290000;512;4002.6;8526.62;113.0270324289212%;4394.479776;8526.21
291000;512;4047.28;7639.13;88.74725741732719%;4379.52539;7638.67
292000;512;4077.14;10879.0;166.8291988992284%;4545.629272;10878.5
293000;512;4080.99;8893.55;117.92628749396592%;4358.025071;8893.16
294000;512;4119.34;7864.09;90.90655299149863%;4453.6064;7863.71
295000;512;4073.42;7941.01;94.94699785438281%;4526.842027;7940.64
296000;512;4104.36;8450.21;105.88374314143982%;4487.310848;8449.83
297000;512;4082.14;7409.56;81.51165810089807%;4474.697675;7409.17
298000;512;4169.69;8731.3;109.39925989701874%;4482.981355000001;8730.92
299000;512;4165.18;9724.17;133.46337973388904%;4508.529754;9723.72
300000;512;4204.98;8803.71;109.36389709344634%;4478.505268;8803.31
301000;512;4162.54;8562.65;105.70733254214974%;4459.366561;8562.24
302000;512;4215.51;8676.4;105.8208852546904%;4440.199414000001;8676.01
303000;512;4234.0;9558.31;125.75129900803022%;4602.181511;9557.92
304000;512;4200.66;7799.21;85.66630005761%;4649.405183;7798.86
305000;512;4271.45;8896.12;108.26932306359669%;4649.393593;8895.76
306000;512;4243.1;7759.98;82.88468336829202%;4657.190536;7759.63
307000;512;4289.71;9944.63;131.8252282788347%;4557.226324;9944.24
308000;512;4271.9;9259.68;116.75788290924416%;4646.049041;9259.29
309000;512;4330.59;8410.23;94.20517758550218%;4759.69231;8409.87
310000;512;4337.8;10679.5;146.19622850292774%;4680.592514;10679.1
311000;512;4317.89;10608.3;145.68249770142359%;4589.625008;10607.9
312000;512;4312.89;7608.82;76.42045125194473%;4705.977306;7608.43
313000;512;4324.47;9257.83;114.08010692639789%;4717.342612;9257.41
314000;512;4367.92;7914.76;81.20203666733823%;4612.209702;7914.36
315000;512;4410.41;11007.1;149.57090157150924%;4710.9786619999995;11006.7
316000;512;4404.9;8723.88;98.04944493632092%;4705.20871;8723.35
317000;512;4378.11;8338.46;90.45798301093394%;4711.3265280000005;8338.1
318000;512;4405.95;9071.06;105.8820458697897%;4674.418398;9070.59
319000;512;4446.33;8291.93;86.48930691154278%;4766.190101;8291.54
320000;512;4422.31;9464.08;114.00761140670824%;4752.18827;9463.68
321000;512;4447.49;8858.61;99.18223537321053%;4764.348011;8858.21
322000;512;4453.43;8606.1;93.24655377989549%;4811.326639;8605.68
323000;512;4504.93;9150.75;103.12746257988469%;4784.477618999999;9150.34
324000;512;4504.2;9005.37;99.93272945251101%;4888.078152;9004.86
325000;512;4508.82;9740.01;116.0212649872916%;4803.687514;9739.45
326000;512;4483.26;8479.78;89.14316814104023%;4794.425582;8479.35
327000;512;4518.89;9476.14;109.70061231851183%;4819.271731;9475.76
328000;512;4537.57;8634.33;90.2853289315647%;4894.772496;8633.88
329000;512;4558.58;10038.9;120.21989303686674%;4911.218671;10038.4
330000;512;4590.97;10989.9;139.38078445295872%;4920.271441;10989.5
331000;512;4610.9;8620.45;86.95807759873347%;4930.163976999999;8619.93
332000;512;4630.77;9489.67;104.92639453049924%;4933.131833;9489.26
333000;512;4652.6;10009.4;115.13562309246441%;5040.35804;10009.0
334000;512;4672.11;9785.5;109.44498310185335%;5069.733036;9785.0
335000;512;4685.09;10467.1;123.41299740239782%;5170.44753;10466.6
336000;512;4651.21;9787.01;110.4185792514206%;5002.476218;9786.65
337000;512;4641.65;10294.2;121.77889328148399%;4983.310211;10293.8
338000;512;4685.08;8825.11;88.36626055478243%;5065.183516;8824.73
339000;512;4695.37;10192.7;117.07980414749%;5051.713839;10192.3
340000;512;4757.57;9402.7;97.63660860481299%;5094.266546;9402.31
341000;512;4750.96;7993.06;68.24094498796033%;5058.624896;7992.52
342000;512;4751.25;10601.3;123.12654564588266%;5080.945866;10600.8
343000;512;4776.87;8881.4;85.92509320957028%;5117.482946;8880.99
344000;512;4789.69;8592.85;79.40305113692119%;5148.237569;8592.49
345000;512;4820.5;9121.5;89.22310963592989%;5092.8392269999995;9121.11
346000;512;4792.64;8869.28;85.06042598651266%;5192.067952;8868.88
347000;512;4774.93;11893.0;149.071714140312%;5216.805438;11892.5
348000;512;4851.58;9315.81;92.01600303406312%;5136.363063;9315.45
349000;512;4881.19;8944.33;83.2407671080208%;5194.581981;8943.96
350000;512;4841.87;8901.95;83.85355244977666%;5276.05267;8901.44
351000;512;4849.7;9376.78;93.34762975029385%;5221.138409;9376.39
352000;512;4903.28;9860.42;101.09844838557049%;5305.159813;9859.92
353000;512;4937.26;10591.9;114.52992145440992%;5237.838422;10591.5
354000;512;4872.98;9685.93;98.76810493784095%;5295.244354;9685.57
355000;512;4889.76;10910.1;123.12138019043879%;5334.601355;10909.8
356000;512;4925.93;9529.52;93.45626105121266%;5265.866239;9529.13
357000;512;4915.05;10152.7;106.5635141046378%;5378.355549;10152.3
358000;512;5014.27;10349.7;106.40492035730027%;5265.439245;10349.3
359000;512;4962.45;8918.58;79.72130701568783%;5380.312527;8918.09
360000;512;5047.61;9729.1;92.74666624402442%;5452.811694999999;9728.69
361000;512;5037.74;9824.32;95.01443107425155%;5313.382339;9823.91
362000;512;4988.62;8676.87;73.93327212736189%;5413.536531000001;8676.43
363000;512;5078.42;9945.45;95.8374848870318%;5422.439478;9945.06
364000;512;5049.8;12882.2;155.10317240286744%;5609.413108000001;12881.8
365000;512;5103.14;12758.4;150.01077767805702%;5625.080189;12758.0
366000;512;5110.96;9179.59;79.6059840030053%;5465.528195000001;9179.12
367000;512;5082.35;9268.18;82.36012868063001%;5548.897274999999;9267.77
368000;512;5115.43;9901.55;93.56241801764463%;5563.570344;9901.1
369000;512;5149.48;10475.5;103.4283073242347%;5489.535792;10475.0
370000;512;5155.52;11361.8;120.38126125007756%;5511.452145;11361.4
371000;512;5127.33;10156.2;98.07970230119771%;5699.115888;10155.7
372000;512;5174.88;9243.17;78.61612249945892%;5255.217357;9242.72
373000;512;5213.9;11219.4;115.1824929515334%;5285.094477000001;11218.9
374000;512;5210.39;8479.92;62.75019720212881%;5309.687783;8479.4
375000;512;5239.83;9297.97;77.4479324710916%;5412.585375;9297.52
376000;512;5178.92;8890.78;71.67247225290217%;5550.687261;8890.38
377000;512;5193.93;9187.04;76.88031991189716%;5356.200271000001;9186.65
378000;512;5256.77;8742.46;66.3085887341466%;5664.518765000001;8742.0
379000;512;5228.06;10365.8;98.27239932211945%;5859.904783;10365.3
380000;1024;5307.8;10374.2;95.45197633671202%;5563.965409;10373.8
381000;1024;5260.52;8881.96;68.84186354200722%;5453.970158;8881.48
382000;1024;5284.03;11095.3;109.977990283931%;5703.0866639999995;11094.8
383000;1024;5289.85;9526.59;80.09187406070114%;5642.829554;9526.0
384000;1024;5318.2;10939.6;105.70117708999287%;5686.2845640000005;10939.0
385000;1024;5311.49;9432.95;77.5951757416469%;5767.118783;9432.44
386000;1024;5381.71;8700.82;61.673891755594404%;5481.0258269999995;8700.2
387000;1024;5364.18;11433.3;113.14161717168325%;5542.173175999999;11432.8
388000;1024;5395.15;9906.36;83.61602550438822%;5522.060002;9905.8
389000;1024;5370.27;10690.5;99.06820327469566%;5825.916141;10690.0
390000;1024;5448.01;9181.39;68.52740725512618%;5845.331552;9180.91
391000;1024;5396.31;9928.09;83.97923766425575%;5821.847374999999;9927.6
392000;1024;5460.13;10827.0;98.29198205903522%;5765.929108;10826.4
393000;1024;5391.7;10867.0;101.55053137229446%;5783.760050000001;10866.5
394000;1024;5498.67;10246.3;86.3414243808048%;5783.417553;10245.8
395000;1024;5499.33;10068.7;83.08957636657559%;5888.566183;10068.2
396000;1024;5507.94;11462.2;108.10321100084607%;6021.814074999999;11461.7
397000;1024;5539.87;9889.18;78.50924299667683%;6061.476817;9888.69
398000;1024;5531.09;10640.9;92.38341809661385%;5904.2724069999995;10640.4
399000;1024;5503.75;10406.0;89.0710878946173%;6119.726948;10405.6
400000;1024;5546.97;11742.4;111.69034626111191%;6055.715332000001;11741.9
401000;1024;5604.15;13579.4;142.3097169062213%;6181.566781;13578.9
402000;1024;5605.87;9700.59;73.04343482813552%;5914.320403;9700.1
403000;1024;5564.05;11043.5;98.47952480657075%;5993.697288;11043.0
404000;1024;5584.23;10660.5;90.903669798701%;6204.065688000001;10660.0
405000;1024;5592.86;14007.9;150.46040844934436%;6075.7951760000005;14007.4
406000;1024;5625.19;12871.2;128.81360451824742%;6114.250766;12870.6
407000;1024;5663.4;10193.7;79.99258396016529%;6047.523625;10193.2
408000;1024;5628.26;10861.1;92.97438284656359%;6124.788277000001;10860.6
409000;1024;5694.02;10796.1;89.60418122872767%;6151.030312;10795.5
410000;1024;5711.42;11835.5;107.22517342447237%;6261.779025;11835.0
411000;1024;5666.76;10241.2;80.72408219158744%;6122.608082000001;10240.6
412000;1024;5692.74;10257.8;80.19090982549703%;6169.551171;10257.4
413000;1024;5708.55;13701.6;140.01891898993614%;6313.156649;13701.1
414000;1024;5783.91;11019.4;90.51817887899361%;6197.938959;11018.9
415000;1024;5732.43;10145.4;76.98253620192482%;6184.298986000001;10144.9
416000;1024;5798.01;13005.3;124.30627059974024%;6413.440087;13004.7
417000;1024;5815.44;11226.1;93.03956364436743%;6216.842093;11225.6
418000;1024;5804.12;10802.6;86.11951510306473%;6336.033322;10801.7
419000;1024;5841.28;10292.4;76.20110660677112%;6409.798943;10291.9
420000;1024;5853.5;10330.9;76.49098829759971%;6312.916828;10330.3
421000;1024;5837.6;11841.2;102.84363437028917%;6434.184840999999;11840.8
422000;1024;5831.63;10255.2;75.85477816665325%;6279.32115;10254.7
423000;1024;5872.69;13042.4;122.08562004805295%;6289.5933079999995;13041.9
424000;1024;5927.97;10824.6;82.60213867479087%;6385.270398;10824.1
425000;1024;5863.64;12071.6;105.8721203893827%;6278.722397;12071.1
426000;1024;5895.5;12206.4;107.04605207361546%;6432.7353029999995;12205.9
427000;1024;5966.05;11698.5;96.08451152772773%;6471.902761;11698.0
428000;1024;5906.94;12162.8;105.90695012984727%;6461.073713;12162.2
429000;1024;5990.37;11852.4;97.85756138602457%;6466.178411;11852.0
430000;1024;6000.48;10760.8;79.33232008106017%;6428.854558;10760.3
431000;1024;5937.81;12763.7;114.95635596288867%;6391.165149;12763.2
432000;1024;5938.81;10965.0;84.63294835160579%;6485.031123;10964.5
433000;1024;6033.53;11184.3;85.36909570351021%;6605.592508;11183.7
434000;1024;6054.22;13549.1;123.7959638070635%;6500.778513;13548.6
435000;1024;5978.15;11183.7;87.07626941445098%;6526.729528;11183.2
436000;1024;6077.59;10841.9;78.39143476279247%;6450.908593;10841.4
437000;1024;6102.47;11388.6;86.6227937212309%;6584.3745850000005;11388.1
438000;1024;6136.83;11466.3;86.84402207654439%;6578.418860000001;11465.9
439000;1024;6057.92;12905.3;113.03186572288837%;6758.9668489999995;12904.7
440000;1024;6083.96;15367.2;152.58548708407028%;6854.248707000001;15366.7
441000;1024;6148.28;10694.8;73.94783581749692%;6565.386156;10694.3
442000;1024;6139.08;10957.7;78.49091394801829%;6529.678405;10957.2
443000;1024;6113.5;13785.4;125.49112619612333%;6608.922376;13784.9
444000;1024;6136.84;14570.0;137.41860631856133%;6508.558608;14569.4
445000;1024;6117.9;13460.9;120.02484512659572%;6272.622152;13460.4
446000;1024;6150.97;10849.0;76.37868498789621%;6555.2033759999995;10848.5
447000;1024;6217.81;10727.4;72.52698297310467%;6765.201919;10726.9
448000;1024;6238.37;11337.9;81.74459033369294%;6697.23658;11337.3
449000;1024;6272.39;13801.9;120.04212110535218%;6566.455287;13801.4
450000;1024;6278.2;11350.9;80.79863655187792%;6635.738097;11350.4
451000;1024;6270.34;12256.9;95.47424860533877%;6613.357989;12256.3
452000;1024;6371.86;14978.8;135.07735574855693%;6725.650028;14978.3
453000;1024;6316.45;15117.4;139.33380300643557%;6697.695359;15116.9
454000;1024;6337.78;11507.8;81.574620766262%;6706.536589;11507.3
455000;1024;6276.49;11208.9;78.58548328763369%;6499.504384;11208.5
456000;1024;6306.25;11250.3;78.39920713577798%;6819.571758;11249.8
457000;1024;6315.77;14839.9;134.96580781124072%;6887.305547;14839.4
458000;1024;6303.36;12010.0;90.53330287338817%;6822.822056;12009.5
459000;1024;6325.74;12460.6;96.98248742439621%;6941.379817;12460.1
460000;1024;6330.35;12403.0;95.92913503992669%;6942.7627680000005;12402.4
461000;1024;6363.39;13647.8;114.47373176875846%;7096.484725;13647.1
462000;1024;6383.05;11426.0;79.00533444043208%;6977.088977;11425.5
463000;1024;6367.97;12650.6;98.65985549555039%;7032.582172;12650.1
464000;1024;6388.96;13403.8;109.79627357191153%;7228.325244;13403.3
465000;1024;6413.31;13719.9;113.92853300401819%;6868.208462;13719.2
466000;1024;6481.27;13443.4;107.4192249358536%;7181.807331;13443.0
467000;1024;6474.02;16109.6;148.83457264574403%;7062.340656;16109.2
468000;1024;6500.09;12433.3;91.2788899846002%;6866.998593;12432.8
469000;1024;6474.17;13699.9;111.60859229831776%;7231.234736;13699.4
470000;1024;6460.53;13875.6;114.77494880450988%;7006.856656;13875.1
471000;1024;6552.79;13398.3;104.46710485152124%;7207.02075;13397.8
472000;1024;6491.4;13840.3;113.20978525433651%;7146.108808;13839.8
473000;1024;6528.96;17993.2;175.59059942165368%;7098.919952;17992.7
474000;1024;6600.74;11258.0;70.5566345591555%;7027.71799;11257.4
475000;1024;6598.0;8586.5;30.137920581994543%;7110.150842;8586.01
476000;1024;6638.41;14053.6;111.7012959428538%;7291.596651;14053.1
477000;1024;6653.5;17126.0;157.39836176448486%;7306.113039000001;17125.5
478000;1024;6664.42;13306.7;99.66778804457103%;7314.4830919999995;13306.2
479000;1024;6639.01;14641.6;120.5389056500894%;7462.447668999999;14640.8
480000;1024;6676.29;13813.2;106.89934080155297%;7065.355428;13812.7
481000;1024;6690.44;12646.7;89.02643174439949%;7272.631212;12646.2
482000;1024;6730.83;14243.4;111.61431799644323%;7137.920245;14242.9
483000;1024;6648.48;15246.6;129.32459750198544%;7111.282909;15246.1
484000;1024;6735.02;13415.7;99.19317240334846%;7301.932338;13415.1
485000;1024;6750.34;12682.2;87.87498111206251%;7224.01051;12681.7
486000;1024;6710.1;12256.4;82.65599618485565%;7423.640812000001;12255.9
487000;1024;6703.11;11739.3;75.13214015583812%;7321.078138;11738.8
488000;1024;6813.28;13663.4;100.54070873353216%;7237.419531;13662.8
489000;1024;6804.57;16243.8;138.71897856881478%;7299.595429;16243.3
490000;1024;6829.46;11464.8;67.87271614446821%;7376.268035;11464.3
491000;1024;6837.41;13370.3;95.54626678815515%;7377.222817999999;13369.8
492000;1024;6833.84;12108.9;77.19027662339182%;7304.394878;12108.4
493000;1024;6801.17;11873.9;74.5861373851852%;7386.372645;11873.4
494000;1024;6887.91;14496.0;110.45571152933182%;7389.494395000001;14495.5
495000;1024;6823.01;16158.3;136.82069936875365%;7575.911859;16157.8
496000;1024;6830.32;15432.5;125.94109792806194%;7633.738934;15431.9
497000;1024;6867.85;12267.6;78.62358671199866%;7459.98902;12267.1
498000;1024;6956.35;12703.7;82.62019593608717%;7433.059435;12703.2
499000;1024;6897.44;12703.3;84.17412837226566%;7517.742313;12702.9
500000;1024;6975.88;15117.7;116.71387695889266%;7711.103753;15117.1
501000;1024;6972.63;15307.6;119.53839512493853%;7608.497272;15307.1
502000;1024;7001.23;12459.5;77.96158674975683%;7638.103583;12459.0
503000;1024;6923.6;12654.0;82.7661909989023%;7457.0290780000005;12653.5
504000;1024;7003.52;12235.3;74.70214977611256%;7698.508841999999;12234.8
505000;1024;6989.63;14925.5;113.53776952428096%;7792.174649;14925.1
506000;1024;7064.52;12174.5;72.33301059378414%;7598.735397;12174.1
507000;1024;7041.93;15295.6;117.20749851248166%;7782.053053;15295.1
508000;1024;7116.15;13000.0;82.68305193117065%;7548.002063999999;12999.5
509000;1024;7026.39;12386.6;76.28682723276106%;7676.973538;12386.1
510000;1024;7075.38;14242.4;101.29519545239971%;7723.109476;14241.8
511000;1024;7144.74;13011.6;82.11439464557144%;7648.721662;13011.1
512000;1024;7151.14;17406.2;143.40454808603943%;7746.32526;17405.7
513000;1024;7178.92;14178.2;97.49767374479728%;7768.849246999999;14177.7
514000;1024;7101.11;14869.0;109.38979962287587%;7842.041357;14868.5
515000;1024;7104.62;13902.1;95.67689756806136%;7854.244654;13901.7
516000;1024;7126.53;15900.7;123.11980725542449%;7670.909535999999;15900.2
517000;1024;7145.74;14348.6;100.7993573793617%;7900.128716;14348.0
518000;1024;7138.33;12419.3;73.98046882113883%;7783.251837;12418.8
519000;1024;7163.1;14722.0;105.52554061788891%;7943.92587;14721.6
520000;1024;7280.01;14817.5;103.53680832855999%;7759.417821999999;14816.9
521000;1024;7280.84;13278.5;82.37593464490361%;7814.2944210000005;13277.6
522000;1024;7204.05;14287.0;98.31900111742699%;7926.530105;14286.5
523000;1024;7241.85;14094.3;94.6229209387104%;8014.1456800000005;14093.9
524000;1024;7359.33;15676.6;113.01667407223212%;7928.493098;15676.2
525000;1024;7242.02;15542.7;114.61829710495137%;7860.649273;15542.3
526000;1024;7272.61;16494.6;126.80440722106641%;7961.286688;16494.1
527000;1024;7358.74;14599.2;98.39265961292288%;8070.338858;14598.6
528000;1024;7374.37;13588.2;84.26252005256043%;7851.700481;13587.7
529000;1024;7312.36;18086.6;147.3428551110722%;7851.1319889999995;18086.0
530000;1024;7359.09;15599.1;111.97050178758514%;8080.020639;15598.7
531000;1024;7456.36;15931.2;113.65921173333906%;8190.406564;15930.7
532000;1024;7345.5;16780.7;128.44871009461576%;7870.412173;16780.2
533000;1024;7436.19;16699.5;124.570647065231%;7809.135116;16699.0
534000;1024;7371.63;13059.7;77.16163182362654%;8079.441621;13059.2
535000;1024;7394.47;14101.8;90.70737997449444%;7932.834003;14101.2
536000;1024;7461.59;12419.1;66.44039675189872%;8028.114729;12418.6
537000;1024;7387.9;16167.6;118.8389122754775%;7694.294756;16167.1
538000;1024;7519.03;13347.6;77.51757873023516%;7949.593544;13347.1
539000;1024;7470.77;14595.6;95.36941975191311%;7992.618581;14595.1
540000;1024;7546.48;17919.3;137.45242815193308%;8025.720068;17918.8
541000;1024;7572.16;16282.0;115.02451083970757%;7990.547238;16281.5
542000;1024;7571.78;14464.5;91.03169928339176%;8248.373237;14464.0
543000;1024;7611.55;18613.5;144.5428329315317%;8262.630224;18613.0
544000;1024;7589.34;15869.2;109.09855138918536%;8259.197415;15868.6
545000;1024;7553.03;16532.5;118.88566575268472%;8107.470074;16532.0
546000;1024;7549.12;15782.2;109.06012886270192%;8074.78938;15781.6
547000;1024;7650.17;15082.9;97.15771022081861%;8527.551658;15082.4
548000;1024;7672.21;15400.7;100.73355656323277%;8087.337568;15400.2
549000;1024;7592.36;16633.9;119.08734570015123%;8303.575124;16633.5
550000;1024;7625.53;13734.1;80.10682536164701%;8140.403671;13733.6
551000;1024;7582.77;13817.8;82.22628406242045%;8113.745687;13817.3
552000;1024;7603.31;16923.9;122.58595269691752%;8290.108443;16923.4
553000;1024;7717.55;16332.8;111.63192982228816%;8200.410116;16332.3
554000;1024;7731.74;15974.9;106.61455248107153%;8217.659176;15974.4
555000;1024;7695.24;16031.8;108.33398308564774%;8539.963468;16031.3
556000;1024;7693.14;16188.3;110.42513200071751%;8316.507131999999;16187.8
557000;1024;7694.41;15410.1;100.27656441494541%;8362.213206;15409.7
558000;1024;7692.64;17974.8;133.66230578838994%;8357.943663;17974.4
559000;1024;7737.58;15464.2;99.85835364545504%;8354.621671;15463.6
560000;1024;7803.9;16721.9;114.2761952357155%;7974.349277;16721.5
561000;1024;7767.84;17368.6;123.59626356876556%;8447.32726;17368.1
562000;1024;7868.67;16949.6;115.40616139703404%;8492.514879;16949.1
563000;1024;7800.84;16349.6;109.5876854287487%;8303.669027;16349.1
564000;1024;7882.82;18834.0;138.9246487931984%;8346.047531999999;18833.4
565000;1024;7889.17;14912.8;89.02875714428767%;8567.8627;14912.3
566000;1024;7936.69;16927.3;113.27908737773558%;8470.500673999999;16926.7
567000;1024;7927.23;15277.6;92.72305710822066%;8671.194335;15277.1
568000;1024;7862.55;19113.4;143.09416156336053%;8797.346883;19113.0
569000;1024;7895.72;15421.4;95.31341030330354%;8165.067354;15420.8
570000;1024;7933.53;15922.0;100.69250384129134%;8845.813664;15921.5
571000;1024;7923.33;10519.5;32.766147566742774%;8484.027465000001;10518.9
572000;1024;7967.94;13927.8;74.79800299701051%;8579.981955000001;13927.3
573000;1024;7932.18;16110.9;103.10809890849677%;8246.720494;16110.4
574000;1024;7994.27;17048.9;113.26400034024371%;8602.333504;17048.4
575000;1024;7957.92;15657.5;96.75367432695981%;8271.327158;15657.0
576000;1024;8056.5;16366.6;103.14776888226898%;8952.97026;16366.1
577000;1024;8080.79;15130.2;87.23664394199083%;8445.104172000001;15129.7
578000;1024;8000.54;15100.4;88.74225989745692%;8316.318100999999;15099.9
579000;1024;8025.35;15220.8;89.65901798675445%;8980.630427999999;15220.3
580000;1024;7989.87;15557.2;94.71155350462524%;8399.652429;15556.7
581000;1024;8039.12;16674.1;107.4120052941118%;9064.467532;16673.6
582000;1024;8031.13;18577.4;131.31738622086806%;8721.720239;18576.9
583000;1024;8112.56;18793.2;131.65560562880273%;8740.373029;18792.6
584000;1024;8160.5;19369.5;137.35677960909257%;8988.677556;19369.0
585000;1024;8119.81;20839.1;156.6451678056506%;8929.174663;20838.6
586000;1024;8210.22;12324.8;50.11534404680995%;8903.167836999999;12324.4
587000;1024;8197.71;18000.6;119.58083415978365%;8926.399789000001;18000.1
588000;1024;8169.69;18004.1;120.37678296238903%;9080.294093;18003.6
589000;1024;8226.55;17297.8;110.26797381648443%;8921.15991;17297.4
590000;1024;8127.98;16960.1;108.6631610806129%;8504.185826;16959.5
591000;1024;8256.02;14779.6;79.01603920533138%;8437.303375;14779.2
592000;1024;8184.24;18908.7;131.03794610128736%;9067.180631;18908.3
593000;1024;8198.0;16955.3;106.82239570626982%;8970.398705;16954.8
594000;1024;8274.22;16416.6;98.40661717962539%;8575.728729999999;16416.0
595000;1024;8312.62;16799.9;102.10114260004669%;9264.43458;16799.4
596000;1024;8200.39;19812.2;141.60070435674405%;8998.008224;19811.7
597000;1024;8351.08;17917.7;114.555482644161%;9196.180066;17917.2
598000;1024;8287.17;15233.3;83.81787751427808%;8693.479364;15232.8
599000;1024;8360.41;17747.6;112.28145509610172%;8656.89537;17747.0
600000;1024;8305.76;16406.0;97.52557261466741%;9125.763479;16405.5
601000;1024;8296.16;15448.3;86.21024666833812%;8658.795548;15447.9
602000;1024;8339.7;20863.5;150.17086945573578%;9032.065066;20863.0
603000;1024;8308.12;15102.4;81.7787899067418%;9319.164815;15101.5
604000;1024;8448.2;22429.4;165.4932411637982%;9451.239411;22428.9
605000;1024;8444.9;19653.4;132.72507667349527%;9023.711909;19653.0
606000;1024;8469.01;19235.9;127.13280536922262%;9079.445465;19235.4
607000;1024;8346.9;16684.7;99.8909774886485%;9291.726258;16684.1
608000;1024;8447.97;13879.7;64.2962747263544%;8701.506788;13879.1
609000;1024;8468.81;17768.0;109.80515562398969%;9011.978872;17767.5
610000;1024;8474.9;15316.8;80.73133606296238%;9027.816515;15316.3
611000;1024;8453.34;15307.7;81.0846363685833%;9149.758051;15307.2
612000;1024;8472.36;16699.4;97.10446676014712%;8726.501201000001;16698.9
613000;1024;8572.53;17174.4;100.34225602010143%;9233.431098;17173.9
614000;1024;8577.71;18252.0;112.78406474455305%;9153.433808;18251.4
615000;1024;8599.38;15928.6;85.22963283399503%;9146.594446000001;15928.2
616000;1024;8496.98;19256.2;126.62404760279537%;9215.171771000001;19255.7
617000;1024;8612.4;16137.1;87.3705355069435%;9380.943398000001;16136.6
618000;1024;8535.98;16996.1;99.11129126356903%;8800.127957;16995.6
619000;1024;8568.98;20196.1;135.68849501340884%;9389.240675;20195.6
620000;1024;8603.22;16586.4;92.7929310188511%;9241.28209;16586.0
621000;1024;8584.77;19057.4;121.99080464590199%;9373.274833;19057.0
622000;1024;8618.04;15082.2;75.00731024687747%;9211.0587;15081.7
623000;1024;8611.66;18589.7;115.86662734014116%;9490.963468;18589.2
624000;1024;8657.23;20064.4;131.76466375503483%;9342.025056;20063.9
625000;1024;8737.84;14608.4;67.18548291110847%;8989.943382;14607.9
626000;1024;8736.88;16965.7;94.1848806438912%;9450.521036;16965.0
627000;1024;8632.66;15980.2;85.11327910516574%;9423.087631999999;15979.8
628000;1024;8770.37;20357.9;132.1213358159348%;9424.322216;20357.4
629000;1024;8658.21;21047.1;143.0883519803747%;9323.671432;21046.5
630000;1024;8676.78;20681.5;138.3545508817787%;9639.640898;20681.0
631000;1024;8722.03;16589.5;90.20228089103108%;9088.117196;16589.0
632000;1024;8757.03;16402.3;87.30437145927327%;9300.359380999998;16401.8
633000;1024;8829.08;16628.4;88.33672364504571%;9474.948405;16627.9
634000;1024;8830.27;20464.6;131.75508789651954%;9481.460511000001;20464.0
635000;1024;8762.12;21911.6;150.07190040766386%;9552.01507;21911.1
636000;1024;8793.49;18674.7;112.36960524205976%;9551.456183;18674.2
637000;1024;8862.74;20544.9;131.81205812198036%;9553.100175;20544.4
638000;1024;8816.64;16290.0;84.76426393728225%;9587.676410999999;16289.6
639000;1024;8823.49;22913.6;159.68862660919885%;9577.658646999998;22913.1
640000;1024;8862.17;19533.4;120.41328478239531%;9748.876522999999;19532.9
641000;1024;8862.18;16189.1;82.67627152687037%;9588.323278000002;16188.6
642000;1024;8882.72;17019.4;91.60122124754582%;9165.064717;17019.0
643000;1024;8976.18;22732.7;153.25583934368518%;9687.858279;22732.2
644000;1024;8978.17;19347.2;115.49157567744874%;9609.066234;19346.7
645000;1024;8920.71;15981.3;79.14829649209537%;9722.250657;15980.8
646000;1024;8910.92;16918.3;89.86030623100643%;9480.62228;16917.7
647000;1024;8946.05;16578.5;85.31642456726713%;9770.559144;16578.0
648000;1024;8976.75;19616.7;118.52786364775672%;9692.755675999999;19616.3
649000;1024;8982.36;16828.6;87.35165368566832%;9342.766916;16828.0
650000;1024;8958.82;20275.0;126.31328679446625%;9712.978744;20274.5
651000;1024;9006.11;16175.7;79.60806607958375%;9284.287932;16175.3
652000;1024;9065.37;15516.3;71.16014018181275%;9734.242606;15515.8
653000;1024;9126.5;17140.5;87.81022297704487%;9624.586693;17140.1
654000;1024;9144.33;18209.7;99.13651410218137%;9664.507982000001;18209.2
655000;1024;9153.06;18720.2;104.52395155281404%;9745.339048;18719.6
656000;1024;9182.38;19440.9;111.71961953219103%;9855.752437;19440.4
657000;1024;9175.6;20737.7;126.00919830855747%;9763.837445000001;20737.3
658000;1024;9201.28;16104.9;75.02890902135353%;9878.837803;16104.5
659000;1024;9132.33;23296.0;155.09371649951328%;9939.069833;23295.4
660000;1024;9224.38;19792.8;114.57051856059704%;9384.591427000001;19792.3
661000;1024;9224.06;20982.2;127.47250126300133%;9956.591175000001;20981.7
662000;1024;9214.7;20235.2;119.59694835426002%;9470.910794;20234.7
663000;1024;9144.29;19211.4;110.09176218164558%;10053.267457;19210.9
664000;1024;9189.96;19664.1;113.97372785082851%;9881.566004;19663.5
665000;1024;9285.58;18872.5;103.24524693126331%;9864.613408;18872.0
666000;1024;9226.31;20744.7;124.84286784207339%;9861.612916;20744.2
667000;1024;9313.1;18533.5;99.00462788974669%;10048.988007;18533.0
668000;1024;9313.03;19245.0;106.64595733075055%;9987.818005;19244.4
669000;1024;9308.74;20321.7;118.3077408972643%;9901.579189999999;20321.0
670000;1024;9342.91;17510.0;87.4148418426379%;9935.893795;17509.5
671000;1024;9382.15;19511.9;107.96832282579156%;9945.269641;19510.9
672000;1024;9364.29;16530.9;76.53126932207354%;10036.866039999999;16530.3
673000;1024;9407.8;20165.2;114.34554306001405%;10136.458439;20164.7
674000;1024;9478.57;18408.5;94.21178511104523%;9662.395598;18408.0
675000;1024;9403.61;14072.3;49.647848007307815%;10247.92025;14071.8
676000;1024;9410.85;16380.1;74.05547851681835%;10016.063446;16379.7
677000;1024;9421.78;21840.5;131.80863913188375%;10027.645681;21840.1
678000;1024;9399.55;24169.7;157.13677782447036%;10185.500828;24169.2
679000;1024;9353.48;21770.9;132.7572197727477%;10137.108031;21770.2
680000;1024;9397.98;20605.6;119.25562727309485%;10139.795759999999;20605.1
681000;1024;9357.18;17796.8;90.1940541915406%;9757.803877;17796.3
682000;1024;9430.5;18377.2;94.86983723026351%;10461.030251;18376.6
683000;1024;9549.94;22214.2;132.61088551341683%;10203.188578000001;22213.6
684000;1024;9459.11;18695.8;97.64861599029928%;10141.21159;18695.3
685000;1024;9533.75;16809.3;76.31362265635242%;10129.782742000001;16808.7
686000;1024;9477.35;21630.7;128.23574100355057%;10280.104943;21630.2
687000;1024;9616.19;18398.2;91.32525459667498%;10219.565684000001;18397.7
688000;1024;9576.21;24062.0;151.268508104981%;10360.148044;24061.5
689000;1024;9516.06;16526.2;73.66641235973714%;10276.177569000001;16525.7
690000;1024;9629.98;19782.0;105.42098737484397%;10253.163703;19781.1
691000;1024;9661.94;22419.2;132.0362163292258%;10330.890946;22418.6
692000;1024;9547.29;22362.2;134.22562842440104%;10404.252883000001;22361.6
693000;1024;9671.36;18630.1;92.6316464282169%;9981.170399;18629.6
694000;1024;9561.05;17979.3;88.04733789698831%;10349.590986000001;17978.8
695000;1024;9559.48;24261.5;153.79518551218268%;10476.223868000001;24260.9
696000;1024;9698.34;24827.4;155.99638701056057%;10448.595591000001;24826.9
697000;1024;9632.26;16740.5;73.79618075093487%;10369.679180000001;16740.0
698000;1024;9592.7;20599.9;114.74558779071586%;10415.754484;20599.4
699000;1024;9649.99;22320.3;131.2986852836117%;10512.662822;22319.8
700000;1024;9748.73;17161.3;76.03626318505077%;9996.970023;17160.9
701000;1024;9818.24;20054.4;104.2565673684897%;10187.285280999999;20053.9
702000;1024;9702.33;16773.9;72.88527601102005%;10032.485751;16773.4
703000;1024;9779.99;22600.7;131.09123833459955%;10581.044512;22600.1
704000;1024;9758.13;18930.4;93.99618574460479%;10439.579934000001;18929.9
705000;1024;9705.23;19465.5;100.56711690500897%;10455.819778;19465.0
706000;1024;9723.76;19321.1;98.69988564094547%;10573.39982;19320.5
707000;1024;9795.27;16408.4;67.51350396671047%;10076.585591000001;16407.9
708000;1024;9866.89;20166.5;104.38557640756105%;10551.596367;20166.0
709000;1024;9793.23;17763.5;81.38550815206015%;10095.697616000001;17763.0
710000;1024;9830.93;23598.0;140.0383280116937%;10688.990795;23597.5
711000;1024;9839.15;18814.5;91.22078634841425%;10727.53346;18814.0
712000;1024;9908.48;18647.9;88.20141939025969%;10723.051017;18647.5
713000;1024;9950.64;18831.7;89.25114364503189%;10521.742801;18831.2
714000;1024;9882.33;17681.4;78.91934391990554%;10275.097853000001;17680.9
715000;1024;9975.67;23057.6;131.1383596289773%;10710.384537;23057.1
716000;1024;9904.3;21068.6;112.72174711993782%;10801.069634;21068.1
717000;1024;9877.49;20804.3;110.6233466194347%;10720.226073000002;20803.8
718000;1024;9906.52;18490.9;86.65384009722891%;10646.191342;18490.4
719000;1024;9927.32;22601.8;127.67272536797442%;10670.487452;22601.3
720000;1024;10073.58;21246.5;110.91310139989955%;10820.862049;21245.9
721000;1024;9975.85;23563.6;136.20643854909605%;10800.287730999999;23563.1
722000;1024;9982.89;18711.9;87.43970934268536%;10804.874693;18711.4
723000;1024;10102.45;17920.3;77.3856836707927%;10453.816374;17919.8
724000;1024;10011.95;21131.3;111.0607823650737%;10738.404220999999;21130.8
725000;1024;10024.42;20323.4;102.73891157792671%;10656.255308;20323.0
726000;1024;10140.36;19587.3;93.1617812385359%;10703.003321;19586.7
727000;1024;10057.81;23602.4;134.6673878309493%;10771.022895;23601.9
728000;1024;10036.73;19966.4;98.93331792326786%;11251.056206000001;19966.0
729000;1024;10186.19;21274.3;108.85434102446546%;11036.241837000001;21273.8
730000;1024;10101.33;16649.9;64.82878987222476%;10481.760584;16649.4
731000;1024;10160.64;21730.7;113.87137030738224%;10915.898154;21730.2
732000;1024;10191.25;20925.9;105.3320250214645%;11030.047112;20925.5
733000;1024;10096.08;24154.6;139.24731182795696%;10983.54352;24154.0
734000;1024;10194.31;17909.9;75.68525971841157%;11016.644196000001;17909.4
735000;1024;10261.03;19687.1;91.86280519596957%;11135.868521;19686.6
736000;1024;10289.59;24349.7;136.6440256608864%;10885.601636;24349.1
737000;1024;10167.5;17764.8;74.72141627735431%;10489.079518;17764.3
738000;1024;10283.77;18805.6;82.86678912499985%;10712.254663000002;18805.1
739000;1024;10290.57;20458.6;98.80920104522878%;11015.765417999999;20458.1
740000;1024;10252.26;21036.4;105.18792929558947%;11155.284219000001;21035.8
741000;1024;10346.04;20148.1;94.74214288752022%;10993.066443;20147.7
742000;1024;10340.36;23745.3;129.63707259708556%;11109.649753;23744.7
743000;1024;10370.9;18139.5;74.90767435805957%;10613.446711;18139.0
744000;1024;10212.0;19687.2;92.7849588719154%;11067.121078;19686.6
745000;1024;10360.6;24511.2;136.580892998475%;11061.555657;24510.6
746000;1024;10372.97;23945.7;130.84709586550431%;11208.992431;23945.2
747000;1024;10450.52;23068.6;120.74116886049686%;11215.569518;23068.2
748000;1024;10356.93;22191.1;114.26330003195926%;11312.894857;22190.6
749000;1024;10446.4;17901.2;71.36238321335581%;10693.751589000001;17900.6
750000;1024;10458.12;23044.5;120.35031152826701%;11355.843277;23044.0
751000;1024;10414.22;20751.8;99.26408314784977%;11329.870077;20751.3
752000;1024;10415.15;20443.9;96.29001982688682%;11248.357516;20443.5
753000;1024;10502.41;17833.5;69.80388310873408%;11452.476157;17832.9
754000;1024;10509.72;18289.9;74.02842321203612%;11326.673237;18289.4
755000;1024;10537.5;21436.4;103.4296559905101%;11384.489111;21435.9
756000;1024;10403.94;22466.2;115.93934605543667%;11236.945388;22465.6
757000;1024;10424.24;14420.1;38.332386821485315%;10886.904559;14419.6
758000;1024;10457.7;24027.6;129.75988984193464%;11425.569035;24027.1
759000;1024;10441.55;18659.2;78.70143800489393%;10836.059527;18658.7
760000;2048;10557.08;20958.1;98.52175033247829%;11354.975866;20957.3
761000;2048;10517.56;21337.7;102.87690300792201%;11432.29174;21336.6
762000;2048;10580.54;24437.6;130.96741754201577%;11452.338191;24436.8
763000;2048;10615.83;20357.3;91.76362093213625%;11477.979786;20356.6
764000;2048;10650.18;17950.8;68.54926395610214%;10881.636553999999;17950.0
765000;2048;10536.76;20530.2;94.8435762036907%;11359.362812;20529.3
766000;2048;10730.17;23254.7;116.72256823517242%;11500.988309999999;23253.6
767000;2048;10553.7;19924.3;88.78971356017318%;11365.758;19923.6
768000;2048;10551.95;19929.6;88.87125128530742%;11358.172346;19928.9
769000;2048;10619.45;19603.2;84.5971307365259%;11606.443081;19602.5
770000;2048;10678.25;21308.6;99.55142462482146%;11385.306334;21307.9
771000;2048;10738.9;19873.5;85.06085353248471%;11379.700171;19872.8
772000;2048;10791.91;20416.9;89.18708551127652%;11741.292363;20416.2
773000;2048;10783.82;22496.4;108.61253247921425%;11414.821994;22495.7
774000;2048;10988.26;24160.1;119.8719360481095%;12902.800031;24159.3
775000;2048;10679.42;18877.9;76.76896310848343%;11002.488357999999;18877.2
776000;2048;10794.47;18498.2;71.36737607311893%;11043.954947;18497.5
777000;2048;10824.53;26067.9;140.82246527100946%;11471.242307;26067.1
778000;2048;10860.29;19861.2;82.87909438882386%;11454.88349;19860.5
779000;2048;10728.8;21605.8;101.38132875997317%;11624.926776;21605.0
780000;2048;10776.42;21771.8;102.0318435992658%;11512.256193;21771.0
781000;2048;10798.57;21011.3;94.5748372238176%;11539.918848000001;21010.5
782000;2048;10894.74;20292.1;86.25593635093631%;11712.405162000001;20291.4
783000;2048;10784.65;13947.6;29.328258218857368%;11678.532804;13947.0
784000;2048;10833.2;21854.7;101.73817523907987%;11776.462024999999;21854.0
785000;2048;10851.24;20246.8;86.58512759832055%;11765.343495000001;20246.0
786000;2048;10846.35;22879.5;110.94192977361045%;11750.004530999999;22878.8
787000;2048;10833.9;21047.1;94.2707612217207%;11827.726363;21046.4
788000;2048;10959.1;20189.1;84.22224452737905%;11796.524136999999;20188.4
789000;2048;11043.92;23626.9;113.93581264623431%;11706.300212;23626.1
790000;2048;11009.23;23021.7;109.11271723817197%;11757.415374;23021.0
791000;2048;10912.29;27712.7;153.95860997095934%;12277.636226;27711.9
792000;2048;11090.53;20570.9;85.48166769306788%;11876.772641;20570.3
793000;2048;10962.87;18235.1;66.33509290906484%;11227.628212;18234.4
794000;2048;11070.66;21072.9;90.34908487840835%;11768.908052;21072.2
795000;2048;11073.9;21719.7;96.13415327933251%;11922.940633;21719.0
796000;2048;11005.39;21093.2;91.66244903633584%;11919.602385;21092.5
797000;2048;11017.11;21996.6;99.6585311392915%;11946.605104;21995.9
798000;2048;11136.45;21201.4;90.37844196310314%;12017.695332;21200.7
799000;2048;11026.58;20922.7;89.74786379820398%;11906.755423999999;20921.8
800000;2048;11160.16;21851.5;95.79916416968932%;11901.366606;21850.7
801000;2048;11116.0;20421.2;83.70996761424973%;12142.171238;20420.6
802000;2048;11143.37;21758.9;95.26319237358179%;12006.460724;21758.1
803000;2048;11096.11;21269.1;91.68068809699975%;12012.658427;21268.4
804000;2048;11204.79;22147.3;97.65921538913265%;11888.306248;22146.6
805000;2048;11128.38;21212.3;90.61444702643153%;12091.336898000001;21211.7
806000;2048;11060.2;22230.6;100.99636534601541%;12076.416284;22229.9
807000;2048;11260.71;22055.1;95.85887568368247%;12018.723078;22054.3
808000;2048;11292.18;21573.4;91.04725571147468%;12105.607423;21572.6
809000;2048;11162.05;21571.9;93.26109451220881%;12059.731007;21571.2
810000;2048;11277.3;21385.1;89.62960992436133%;12044.303648;21384.3
811000;2048;11272.46;20930.7;85.67996692824816%;12295.317885;20929.9
812000;2048;11306.1;20976.3;85.53081964603177%;12573.019613;20975.4
813000;2048;11324.21;25805.8;127.88168004655513%;12727.313048;25805.1
814000;2048;11370.42;27810.0;144.58199433266319%;12418.285639;27809.3
815000;2048;11336.98;22913.1;102.10938009946211%;12315.053101;22912.5
816000;2048;11388.67;23538.5;106.6834845508738%;12516.560698;23537.8
817000;2048;11272.3;20928.9;85.66663413855206%;12454.133353;20928.1
818000;2048;11395.09;22682.7;99.05678673884981%;12201.378527;22682.0
819000;2048;11333.99;21745.3;91.8591775711819%;12254.358699;21744.5
820000;2048;11329.57;24026.4;112.06806613137128%;12863.693266;24025.6
821000;2048;11472.67;21423.7;86.73682760856889%;12403.346577;21422.9
822000;2048;11357.88;21566.7;89.88314720704922%;12122.460739;21565.7
823000;2048;11476.53;20879.4;81.931298049149%;12316.170246;20878.7
824000;2048;11395.88;21401.9;87.80383787825076%;12308.095954999999;21401.1
825000;2048;11400.43;21562.8;89.14023418414918%;12522.102681999999;21562.0
826000;2048;11425.69;19973.2;74.80957386381041%;12492.756884;19972.5
827000;2048;11382.17;26429.5;132.2008896370376%;12799.047529;26428.8
828000;2048;11451.97;26419.1;130.69480622111305%;12779.844985000002;26418.4
829000;2048;11380.4;25640.9;125.30754630768692%;12808.580112;25640.2
830000;2048;11595.75;18728.9;61.51521031412373%;12328.143809;18728.3
831000;2048;11545.68;21512.2;86.32250330859681%;12545.475691;21511.5
832000;2048;11534.58;20375.8;76.64969162292861%;12479.551418;20375.1
833000;2048;11577.15;23649.7;104.27911878139267%;12574.875714;23649.0
834000;2048;11585.75;25870.6;123.29672226657746%;12894.404903;25869.8
835000;2048;11550.72;20566.2;78.05123836436172%;12615.530164;20565.4
836000;2048;11539.9;26318.8;128.06783421000182%;12759.305526;26317.9
837000;2048;11662.49;25302.1;116.9528119638259%;12890.521077;25301.5
838000;2048;11546.21;25518.2;121.00931820917862%;12878.856409;25517.4
839000;2048;11714.98;26213.0;123.75625054417507%;12985.039364;26212.3
840000;2048;11573.71;22117.9;91.1046673884174%;12435.061185999999;22117.1
841000;2048;11706.02;25306.6;116.18449310696546%;13124.731842;25305.9
842000;2048;11618.17;22369.7;92.54064968923677%;12627.356451000001;22369.1
843000;2048;11623.06;23135.8;99.05085235729662%;12639.00099;23135.0
844000;2048;11654.21;24687.6;111.83417837845724%;12843.467013;24686.9
845000;2048;11675.51;24146.8;106.81580504834479%;12958.398321;24146.0
846000;2048;11805.0;23451.0;98.65311308767471%;12783.96169;23449.9
847000;2048;11856.75;21132.4;78.23096548379617%;12791.961205;21131.8
848000;2048;11844.12;23699.1;100.09169106695978%;12828.155289;23698.4
849000;2048;11733.37;24379.7;107.78088477564415%;12911.437916;24379.0
850000;2048;11698.83;22861.0;95.41270366352875%;12776.774939;22860.3
851000;2048;11880.99;26959.6;126.91375045345548%;13159.439237;26958.8
852000;2048;11769.32;26638.1;126.33508138108233%;13286.422460000002;26637.3
853000;2048;11910.44;21468.6;80.2502678322547%;13052.407523;21467.9
854000;2048;11895.21;18272.4;53.611411652253324%;12727.261154;18271.7
855000;2048;11809.68;24317.9;105.9149782212558%;13017.796393;24317.1
856000;2048;11776.45;29042.6;146.6159156621902%;12766.533575;29041.9
857000;2048;11946.9;27968.2;134.10424461575806%;13255.788843;27967.5
858000;2048;11847.22;22247.4;87.78582654833794%;12723.267357;22246.6
859000;2048;11988.67;23031.6;92.11138516616104%;12775.753549000001;23030.9
860000;2048;11941.26;29156.5;144.16602603075387%;13297.322538;29155.8
861000;2048;11938.74;25678.9;115.08886197370913%;13202.343687;25678.1
862000;2048;11882.6;26878.2;126.19797014121488%;13090.677548;26877.4
863000;2048;11900.35;27502.2;131.10412718953643%;13112.558216;27501.5
864000;2048;11920.34;23219.7;94.79058483231184%;13009.462756;23218.9
865000;2048;11999.18;29609.6;146.76352884113746%;12834.8128;29608.9
866000;2048;11960.04;24492.8;104.78861274711453%;13276.583478999999;24492.1
867000;2048;11970.22;22068.0;84.3575138969877%;12807.874271;22067.3
868000;2048;12189.75;23947.9;96.45932033060565%;13097.791573;23947.2
869000;2048;12129.7;22430.6;84.92295769887134%;12990.284469;22429.9
870000;2048;11974.02;26095.6;117.93516296114419%;13466.197225;26094.9
871000;2048;12010.37;30693.3;155.55665645604589%;13125.212962;30692.5
872000;2048;12143.03;22066.4;81.72070726993181%;13021.226133;22065.7
873000;2048;12161.71;15157.7;24.634611415664423%;13148.083337;15157.0
874000;2048;12200.86;22526.2;84.6279688480976%;13281.612139;22525.5
875000;2048;12143.96;30168.2;148.42143748826578%;13155.23772;30167.5
876000;2048;12203.29;24298.4;99.11351774808269%;13201.770063;24297.8
877000;2048;12236.08;16725.6;36.69083562709625%;13236.776011;16724.9
878000;2048;12123.15;22820.1;88.23573081253635%;13369.243529000001;22819.5
879000;2048;12260.12;21793.3;77.75764021885591%;13469.284455;21792.6
880000;2048;12308.12;22037.2;79.04602815052176%;13377.533404;22036.4
881000;2048;12244.41;26054.4;112.78607952526909%;13426.168898999998;26053.5
882000;2048;12310.52;22274.9;80.94199107754993%;13521.676751;22274.2
883000;2048;12164.24;26842.0;120.66318980881667%;13574.011368;26841.3
884000;2048;12347.83;26810.2;117.12479034777772%;13590.856578;26809.5
885000;2048;12309.82;21563.2;75.17071736223602%;12502.163791;21562.5
886000;2048;12212.65;25287.8;107.06234928537212%;13376.595218999999;25287.1
887000;2048;12222.06;29839.9;144.14787687182033%;13227.109355;29839.2
888000;2048;12422.47;29811.5;139.9804547726821%;13260.752558;29810.8
889000;2048;12256.54;23377.3;90.73327382768707%;13307.269015;23376.7
890000;2048;12266.95;27963.5;127.958049882%;13429.512816999999;27962.8
891000;2048;12415.13;22480.5;81.07341606571983%;13460.486121999998;22479.8
892000;2048;12409.94;26279.3;111.76008908987471%;13756.309464;26278.6
893000;2048;12482.09;31543.0;152.70607726750887%;13427.468911;31542.4
894000;2048;12437.38;23242.3;86.87456682999152%;13160.235387;23241.6
895000;2048;12325.1;22629.3;83.60337847157425%;13191.726876;22628.6
896000;2048;12458.83;26091.3;109.42014619350292%;13888.485748;26090.6
897000;2048;12420.18;25077.7;101.91092238598796%;13245.430941;25076.9
898000;2048;12399.76;23136.4;86.58748233836785%;13460.599033999999;23135.7
899000;2048;12496.02;22327.9;78.68009174121042%;13527.750294;22327.2
900000;2048;12410.84;23472.8;89.13143671177775%;13449.631696999999;23472.1
901000;2048;12482.46;27566.2;120.83948196108783%;13002.761658000001;27565.5
902000;2048;12571.35;22251.8;77.00406082083467%;13763.786589000001;22251.1
903000;2048;12466.71;24670.6;97.89182550969743%;13510.085434999999;24669.9
904000;2048;12547.45;24188.1;92.7730335645888%;13766.953484;24187.5
905000;2048;12466.82;23843.5;91.2556690479208%;13466.273554000001;23842.9
906000;2048;12647.2;24593.5;94.45806186349547%;13391.334949;24592.9
907000;2048;12550.33;23437.3;86.74648395699555%;13427.246742;23436.6
908000;2048;12708.95;29978.4;135.88416037516868%;13444.570928;29977.8
909000;2048;12734.47;24252.8;90.45001480234356%;13689.397242000001;24252.1
910000;2048;12598.23;23619.1;87.47951101067372%;13438.68668;23618.4
911000;2048;12785.73;64817.1;406.9487624093423%;13450.745108000001;64816.5
912000;2048;12571.49;29331.2;133.31522357333935%;13406.286813;29330.4
913000;2048;12687.89;23476.2;85.0284010974244%;13878.19288;23475.1
914000;2048;12790.79;31392.7;145.43206479036868%;13734.695767;31392.0
915000;2048;12762.3;24816.6;94.45241061564138%;13679.978298999999;24815.9
916000;2048;12581.6;24495.7;94.6946334329497%;13616.084459;24495.0
917000;2048;12859.74;24058.8;87.08620858586565%;13831.838663;24058.0
918000;2048;12773.23;21919.1;71.60185794822452%;14004.211638;21918.4
919000;2048;12808.46;22887.9;78.69361343986712%;13112.945634;22887.3
920000;2048;12798.01;21440.2;67.52760780777636%;13847.390792;21439.6
921000;2048;12720.83;17565.8;38.08690156224082%;14216.781073;17565.1
922000;2048;12706.44;23441.4;84.4844031845269%;13899.956219;23440.7
923000;2048;12931.39;24497.6;89.44289824991745%;13340.258374000001;24497.0
924000;2048;12860.91;24888.8;93.5228533595212%;13845.982564999998;24888.1
925000;2048;12643.94;23394.6;85.02618645770225%;13814.91901;23393.6
926000;2048;12771.19;22723.2;77.9254713147326%;13831.414847999999;22722.6
927000;2048;12757.87;22754.3;78.3550075365245%;13937.057918999999;22753.7
928000;2048;12914.83;24830.0;92.25959613870256%;13731.309129000001;24829.3
929000;2048;12809.52;25334.7;97.78024469300958%;13898.323379;25333.8
930000;2048;12979.18;25542.8;96.79825690066706%;13887.1493;25541.7
931000;2048;12837.29;22114.9;72.27078300794015%;13199.398342;22114.1
932000;2048;12921.06;23722.2;83.59329652520769%;14016.158857999999;23721.5
933000;2048;12867.55;26360.9;104.86339668390643%;14450.288136000001;26360.2
934000;2048;12774.88;21459.9;67.98513958643841%;13470.69478;21458.8
935000;2048;13058.67;23575.5;80.5352306169005%;14368.783891000001;23574.8
936000;2048;13054.28;24694.6;89.16860983524175%;14004.965392;24693.9
937000;2048;12901.12;21602.7;67.44825255481695%;13283.027450000001;21601.4
938000;2048;13055.69;20935.2;60.35307210878935%;13346.64355;20934.6
939000;2048;13053.95;21855.4;67.42365337694721%;13403.683571;21854.7
940000;2048;13010.46;24338.6;87.06948101758124%;14200.054744;24337.9
941000;2048;12951.73;23342.7;80.22843280395747%;14367.726559;23342.1
942000;2048;13079.5;23104.4;76.64589624985666%;14070.090816;23103.7
943000;2048;13107.14;23792.2;81.52091150319598%;14581.051942;23791.5
944000;2048;13001.43;24826.0;90.94822646431969%;14112.374354;24825.2
945000;2048;13029.86;21995.0;68.80457656490553%;14288.17804;21993.9
946000;2048;13041.92;23334.1;78.91614118166649%;14148.392031000001;23333.4
947000;2048;13025.65;18771.2;44.109507011166436%;14294.556219;18770.4
948000;2048;13022.11;30373.2;133.24330696023915%;14683.072955;30372.5
949000;2048;13125.04;31369.4;139.0042239871269%;14219.782849000001;31368.8
950000;2048;13021.54;23473.6;80.26746452416532%;14346.57351;23472.6
951000;2048;13031.6;25156.6;93.04306455078422%;14362.891836;25155.9
952000;2048;13152.4;30322.1;130.54423527264984%;14565.9586;30321.5
953000;2048;13243.31;23802.9;79.73527766094732%;14192.256031;23802.2
954000;2048;13122.19;24128.3;83.87403322158876%;14102.999743999999;24127.6
955000;2048;13093.69;23788.4;81.67835041153411%;14681.791701;23787.8
956000;2048;13167.13;31122.8;136.3673784644034%;14399.335570000001;31122.2
957000;2048;13174.48;24774.2;88.04689065526686%;14502.978278999999;24773.5
958000;2048;13231.4;24124.6;82.328400622761%;14456.253097;24124.0
959000;2048;13297.97;24827.6;86.70218085918377%;14762.597184;24826.9
960000;2048;13280.67;24106.1;81.5126797066714%;14163.200895;24105.4
961000;2048;13205.61;28307.7;114.36116923034983%;14515.431296;28306.8
962000;2048;13276.83;26571.9;100.13738219138153%;14785.703478;26571.2
963000;2048;13253.46;28870.1;117.83066459626393%;14702.133238999999;28869.3
964000;2048;13305.51;29514.7;121.82313943621854%;15058.509971;29514.0
965000;2048;13259.23;23515.3;77.3504192928247%;14360.501949000001;23514.5
966000;2048;13284.47;29932.2;125.31723132349279%;14411.634798;29931.4
967000;2048;13424.21;24595.1;83.21450573255335%;14595.782488;24594.5
968000;2048;13283.16;27257.4;105.20267767609516%;14803.504005;27256.6
969000;2048;13349.16;26068.6;95.28269943576973%;14327.549384999998;26067.9
970000;2048;13396.34;31841.6;137.6888015681895%;14824.517130999999;31840.9
971000;2048;13410.29;28239.5;110.58083009390549%;14935.257958;28238.9
972000;2048;13501.85;27309.7;102.26635609194294%;14833.867033;27309.0
973000;2048;13519.61;24836.6;83.7079619900278%;14561.468993;24835.8
974000;2048;13435.33;33897.1;152.29823160279648%;14665.028655999999;33896.3
975000;2048;13443.98;25766.4;91.65752998739958%;14706.25346;25765.3
976000;2048;13471.11;30236.8;124.45663349196909%;15035.960027000001;30235.9
977000;2048;13615.95;33634.1;147.01985539018577%;14443.541659999999;33633.4
978000;2048;13642.85;23225.6;70.2400891309367%;14758.157653999999;23224.8
979000;2048;13430.88;23787.2;77.10827585385323%;14630.695494;23786.5
980000;2048;13539.25;31225.5;130.62946618165702%;14927.136621;31224.7
981000;2048;13599.68;23319.1;71.46800512953244%;14842.433803;23318.3
982000;2048;13580.42;26301.3;93.6707406692871%;15118.333341;26300.5
983000;2048;13647.47;34173.5;150.40172281016189%;15241.679967;34172.8
984000;2048;13540.83;30429.2;124.72182281292952%;15047.459949999999;30428.5
985000;2048;13651.71;33122.7;142.62674785796065%;14663.18545;33122.1
986000;2048;13725.37;30983.8;125.74109113269805%;14652.275463;30983.1
987000;2048;13746.56;24776.4;80.23709204339123%;14577.521880999999;24775.7
988000;2048;13660.76;32741.4;139.67480579411392%;15292.469191;32740.7
989000;2048;13601.29;34583.0;154.26264714596923%;15259.539351;34582.2
990000;2048;13649.32;32631.8;139.07271571037973%;14869.687926;32631.1
991000;2048;13677.23;29165.9;113.24420222515819%;15252.91991;29164.9
992000;2048;13655.13;27967.3;104.8116715109999%;15042.387979000001;27966.7
993000;2048;13811.09;20418.7;47.842784313186%;15112.178391;20418.0
994000;2048;13875.48;26556.3;91.39013569260307%;14990.254988;26555.6
995000;2048;13773.23;17356.0;26.01256204971529%;15124.112825;17355.3
996000;2048;13891.46;24100.3;73.490043523143%;15106.102202999999;24099.5
997000;2048;13724.16;33905.0;147.0460851520239%;15064.748881;33904.2
998000;2048;13873.85;29435.2;112.16317028078002%;15053.769264;29434.5
999000;2048;13849.15;32959.8;137.99150128347227%;14978.037902999999;32959.1
1000000;2048;13895.4;24217.1;74.28141687177052%;15447.453108;24216.5
